window1,topic1,topic1_words,window2,successors,successors_words,successors_similarities,coverage_forward,coverage_backward,coverage_sum_forward,coverage_sum_backward,relation,topics_from,topics_from_words,topic_to,topic_to_words,antecedents_similarities
0,0.0,"['power', 'republic', 'africa', 'delegation', 'charter', 'relation', 'interest', 'south', 'question', 'agreement']",1,[0],"[['power', 'africa', 'delegation', 'relation', 'interest', 'republic', 'south', 'agreement', 'resource', 'charter']]",[0.989],[0.905],[0.833],0.905,0.833,continued,,,,,
0,1.0,"['israel', 'arab', 'aggression', 'israeli', 'territory', 'palestine', 'occupy', 'charter', 'republic', 'middle']",1,[],[],[],[],[],0.0,0.0,disappeared,,,,,
1,0.0,"['power', 'africa', 'delegation', 'relation', 'interest', 'republic', 'south', 'agreement', 'resource', 'charter']",2,[0],"[['africa', 'south', 'power', 'delegation', 'independence', 'special', 'republic', 'interest', 'relation', 'african']]",[0.992],[0.946],[0.987],0.946,0.987,continued,,,,,
1,1.0,"['republic', 'soviet', 'relation', 'union', 'socialist', 'nuclear', 'europe', 'democratic', 'german', 'disarmament']",2,[1],"[['soviet', 'republic', 'union', 'socialist', 'relation', 'detente', 'disarmament', 'weapon', 'military', 'arm']]",[0.961],[0.933],[0.857],0.933,0.857,continued,,,,,
2,0.0,"['africa', 'south', 'power', 'delegation', 'independence', 'special', 'republic', 'interest', 'relation', 'african']",3,[0],"[['africa', 'republic', 'delegation', 'independence', 'relation', 'power', 'interest', 'struggle', 'african', 'south']]",[0.972],[0.445],[0.988],0.445,0.988,unclear,,,,,
2,1.0,"['soviet', 'republic', 'union', 'socialist', 'relation', 'detente', 'disarmament', 'weapon', 'military', 'arm']",3,[5],"[['soviet', 'socialist', 'union', 'detente', 'nuclear', 'relation', 'republic', 'weapon', 'disarmament', 'struggle']]",[0.965],[0.929],[1.0],0.929,1.0,continued,,,,,
3,0.0,"['africa', 'republic', 'delegation', 'independence', 'relation', 'power', 'interest', 'struggle', 'african', 'south']",4,[],[],[],[],[],0.0,0.0,disappeared,,,,,
3,1.0,"['africa', 'south', 'negotiation', 'african', 'nuclear', 'trade', 'resource', 'increase', 'special', 'namibia']",4,[],[],[],[],[],0.0,0.0,disappeared,,,,,
3,2.0,"['africa', 'south', 'african', 'regime', 'namibia', 'struggle', 'delegation', 'power', 'independence', 'zimbabwe']",4,[],[],[],[],[],0.0,0.0,disappeared,,,,,
3,3.0,"['panama', 'latin', 'relation', 'special', 'mean', 'america', 'delegation', 'possible', 'power', 'interest']",4,[],[],[],[],[],0.0,0.0,disappeared,,,,,
3,4.0,"['arab', 'lebanon', 'israel', 'zionist', 'lebanese', 'palestinian', 'middle', 'africa', 'settlement', 'palestine']",4,[1],"[['arab', 'israel', 'lebanon', 'palestinian', 'africa', 'territory', 'middle', 'settlement', 'interest', 'independence']]",[0.986],[1.0],[0.851],1.0,0.851,continued,,,,,
3,5.0,"['soviet', 'socialist', 'union', 'detente', 'nuclear', 'relation', 'republic', 'weapon', 'disarmament', 'struggle']",4,[],[],[],[],[],0.0,0.0,disappeared,,,,,
3,6.0,"['nuclear', 'weapon', 'disarmament', 'arm', 'negotiation', 'energy', 'measure', 'agreement', 'special', 'treaty']",4,[],[],[],[],[],0.0,0.0,disappeared,,,,,
4,0.0,"['africa', 'south', 'independence', 'relation', 'republic', 'negotiation', 'struggle', 'power', 'special', 'disarmament']",5,[0],"[['africa', 'south', 'republic', 'independence', 'relation', 'negotiation', 'nuclear', 'military', 'interest', 'power']]",[0.985],[0.792],[0.823],0.792,0.823,continued,,,,,
4,1.0,"['arab', 'israel', 'lebanon', 'palestinian', 'africa', 'territory', 'middle', 'settlement', 'interest', 'independence']",5,[],[],[],[],[],0.0,0.0,disappeared,,,,,
5,0.0,"['africa', 'south', 'republic', 'independence', 'relation', 'negotiation', 'nuclear', 'military', 'interest', 'power']",6,[3],"[['africa', 'south', 'african', 'independence', 'namibia', 'question', 'interest', 'foreign', 'crisis', 'power']]",[0.96],[0.402],[0.975],0.402,0.975,unclear,,,,,
5,1.0,"['disarmament', 'charter', 'economy', 'arm', 'nuclear', 'negotiation', 'increase', 'relation', 'law', 'mankind']",6,[0],"[['charter', 'economy', 'increase', 'relation', 'present', 'mankind', 'purpose', 'crisis', 'law', 'interest']]",[0.98],[0.697],[0.884],0.697,0.884,continued,,,,,
5,2.0,"['israel', 'palestinian', 'arab', 'lebanon', 'middle', 'territory', 'massacre', 'israeli', 'aggression', 'occupy']",6,[1],"[['israel', 'palestinian', 'arab', 'lebanon', 'middle', 'territory', 'massacre', 'israeli', 'aggression', 'beirut']]",[0.999],[0.889],[0.899],0.889,0.899,continued,,,,,
5,3.0,"['latin', 'american', 'america', 'panama', 'spain', 'states', 'meeting', 'canal', 'central', 'cuba']",6,[4],"[['latin', 'american', 'panama', 'america', 'interamerican', 'canal', 'meeting', 'states', 'oas', 'cuba']]",[0.994],[0.9],[0.965],0.9,0.965,continued,,,,,
5,4.0,"['south', 'angola', 'africa', 'namibia', 'african', 'cuban', 'independence', 'regime', 'angolan', 'pretoria']",6,[2],"[['africa', 'south', 'african', 'namibia', 'angola', 'regime', 'independence', 'apartheid', 'racist', 'oau']]",[0.98],[0.987],[0.672],0.987,0.672,continued,,,,,
5,5.0,"['kittani', 'pleasure', 'delegation', 'congratulation', 'cuellar', 'thirtyseventh', 'perez', 'congratulate', 'behalf', 'de']",6,[10],"[['kittani', 'delegation', 'pleasure', 'congratulation', 'thirtyseventh', 'success', 'tribute', 'presidency', 'congratulate', 'behalf']]",[0.99],[0.921],[1.0],0.921,1.0,continued,,,,,
5,6.0,"['oau', 'morocco', 'african', 'sahara', 'continent', 'referendum', 'africa', 'legitimacy', 'leader', 'western']",6,[],[],[],[],[],0.0,0.0,disappeared,,,,,
5,7.0,"['afghanistan', 'afghan', 'withdrawal', 'foreign', 'soviet', 'troop', 'nonaligne', 'sovereignty', 'intervention', 'status']",6,[8],"[['afghanistan', 'foreign', 'afghan', 'kampuchea', 'troop', 'withdrawal', 'soviet', 'somalia', 'nonaligne', 'pakistan']]",[0.968],[0.963],[0.767],0.963,0.767,continued,,,,,
5,8.0,"['korea', 'cyprus', 'korean', 'reunification', 'dialogue', 'peninsula', 'peaceful', 'question', 'republic', 'integrity']",6,[11],"[['korea', 'cyprus', 'korean', 'reunification', 'peninsula', 'dialogue', 'question', 'peaceful', 'republic', 'status']]",[1.0],[0.952],[0.952],0.952,0.952,continued,,,,,
6,0.0,"['charter', 'economy', 'increase', 'relation', 'present', 'mankind', 'purpose', 'crisis', 'law', 'interest']",7,[],[],[],[],[],0.0,0.0,disappeared,,,,,
6,1.0,"['israel', 'palestinian', 'arab', 'lebanon', 'middle', 'territory', 'massacre', 'israeli', 'aggression', 'beirut']",7,[],[],[],[],[],0.0,0.0,disappeared,,,,,
6,2.0,"['africa', 'south', 'african', 'namibia', 'angola', 'regime', 'independence', 'apartheid', 'racist', 'oau']",7,[],[],[],[],[],0.0,0.0,disappeared,,,,,
6,3.0,"['africa', 'south', 'african', 'independence', 'namibia', 'question', 'interest', 'foreign', 'crisis', 'power']",7,[0],"[['africa', 'south', 'nuclear', 'african', 'relation', 'interest', 'independence', 'peaceful', 'arm', 'weapon']]",[0.967],[0.966],[0.435],0.966,0.435,unclear,,,,,
6,4.0,"['latin', 'american', 'panama', 'america', 'interamerican', 'canal', 'meeting', 'states', 'oas', 'cuba']",7,[],[],[],[],[],0.0,0.0,disappeared,,,,,
6,5.0,"['nuclear', 'soviet', 'states', 'weapon', 'union', 'arm', 'military', 'republic', 'disarmament', 'europe']",7,[],[],[],[],[],0.0,0.0,disappeared,,,,,
6,6.0,"['lebanon', 'palestinian', 'israel', 'arab', 'south', 'question', 'middle', 'disarmament', 'territory', 'negotiation']",7,[1],"[['lebanon', 'arab', 'israel', 'palestinian', 'territory', 'islamic', 'regime', 'palestine', 'middle', 'lebanese']]",[0.968],[1.0],[0.906],1.0,0.906,continued,,,,,
6,7.0,"['america', 'american', 'central', 'latin', 'guatemala', 'crisis', 'foreign', 'interest', 'group', 'democracy']",7,[],[],[],[],[],0.0,0.0,disappeared,,,,,
6,8.0,"['afghanistan', 'foreign', 'afghan', 'kampuchea', 'troop', 'withdrawal', 'soviet', 'somalia', 'nonaligne', 'pakistan']",7,[],[],[],[],[],0.0,0.0,disappeared,,,,,
6,9.0,"['disarmament', 'arm', 'nuclear', 'special', 'weapon', 'race', 'second', 'failure', 'deterrence', 'complete']",7,[],[],[],[],[],0.0,0.0,disappeared,,,,,
6,10.0,"['kittani', 'delegation', 'pleasure', 'congratulation', 'thirtyseventh', 'success', 'tribute', 'presidency', 'congratulate', 'behalf']",7,[],[],[],[],[],0.0,0.0,disappeared,,,,,
6,11.0,"['korea', 'cyprus', 'korean', 'reunification', 'peninsula', 'dialogue', 'question', 'peaceful', 'republic', 'status']",7,[],[],[],[],[],0.0,0.0,disappeared,,,,,
7,0.0,"['africa', 'south', 'nuclear', 'african', 'relation', 'interest', 'independence', 'peaceful', 'arm', 'weapon']",8,[2],"[['south', 'africa', 'charter', 'trade', 'foreign', 'interest', 'peaceful', 'nuclear', 'african', 'delegation']]",[0.962],[0.408],[0.988],0.408,0.988,unclear,,,,,
7,1.0,"['lebanon', 'arab', 'israel', 'palestinian', 'territory', 'islamic', 'regime', 'palestine', 'middle', 'lebanese']",8,[4],"[['lebanon', 'israel', 'palestinian', 'arab', 'lebanese', 'palestine', 'middle', 'question', 'territory', 'aggression']]",[0.951],[0.781],[0.947],0.781,0.947,continued,,,,,
8,0.0,"['nuclear', 'disarmament', 'weapon', 'agreement', 'soviet', 'republic', 'relation', 'arm', 'states', 'military']",9,[3],"[['weapon', 'soviet', 'relation', 'europe', 'nuclear', 'agreement', 'military', 'disarmament', 'negotiation', 'union']]",[0.971],[0.909],[0.891],0.909,0.891,continued,,,,,
8,1.0,"['america', 'central', 'american', 'latin', 'democracy', 'states', 'republic', 'agreement', 'debt', 'negotiation']",9,[1],"[['america', 'central', 'south', 'agreement', 'africa', 'relation', 'debt', 'dialogue', 'drug', 'disarmament']]",[0.987],[0.976],[0.737],0.976,0.737,continued,,,,,
8,2.0,"['south', 'africa', 'charter', 'trade', 'foreign', 'interest', 'peaceful', 'nuclear', 'african', 'delegation']",9,[],[],[],[],[],0.0,0.0,disappeared,,,,,
8,3.0,"['africa', 'south', 'african', 'regime', 'apartheid', 'namibia', 'independence', 'struggle', 'delegation', 'measure']",9,[2],"[['africa', 'south', 'african', 'namibia', 'apartheid', 'republic', 'party', 'angola', 'debt', 'dialogue']]",[0.989],[0.889],[0.915],0.889,0.915,continued,,,,,
8,4.0,"['lebanon', 'israel', 'palestinian', 'arab', 'lebanese', 'palestine', 'middle', 'question', 'territory', 'aggression']",9,[7],"[['palestinian', 'nuclear', 'middle', 'israel', 'weapon', 'disarmament', 'palestine', 'australia', 'sweden', 'australian']]",[0.923],[0.474],[0.846],0.474,0.846,unclear,,,,,
8,5.0,"['african', 'africa', 'south', 'programme', 'apartheid', 'debt', 'resource', 'recovery', 'regime', 'special']",9,[],[],[],[],[],0.0,0.0,disappeared,,,,,
8,6.0,"['afghanistan', 'pakistan', 'agreement', 'geneva', 'afghan', 'refugee', 'violation', 'nuclear', 'soviet', 'inside']",9,[8],"[['afghanistan', 'agreement', 'geneva', 'afghan', 'pakistan', 'refugee', 'violation', 'extremist', 'provision', 'republic']]",[0.997],[0.955],[0.958],0.955,0.958,continued,,,,,
8,7.0,"['balkan', 'relation', 'albania', 'settlement', 'foreign', 'fleet', 'andcooperation', 'ceasefire', 'turkey', 'ofthe']",9,[],[],[],[],[],0.0,0.0,disappeared,,,,,
9,0.0,"['african', 'africa', 'programme', 'debt', 'resource', 'environment', 'relation', 'economy', 'south', 'growth']",10,[],[],[],[],[],0.0,0.0,disappeared,,,,,
9,1.0,"['america', 'central', 'south', 'agreement', 'africa', 'relation', 'debt', 'dialogue', 'drug', 'disarmament']",10,[12],"[['america', 'central', 'american', 'democracy', 'guatemala', 'nicaragua', 'drug', 'trade', 'freedom', 'agreement']]",[0.916],[0.434],[0.968],0.434,0.968,unclear,,,,,
9,2.0,"['africa', 'south', 'african', 'namibia', 'apartheid', 'republic', 'party', 'angola', 'debt', 'dialogue']",10,[5],"[['africa', 'south', 'apartheid', 'african', 'violence', 'angola', 'mozambique', 'democratic', 'angolan', 'party']]",[0.914],[0.329],[0.942],0.329,0.942,disappeared,,,,,
9,4.0,"['arab', 'kuwait', 'europe', 'south', 'organisation', 'namibia', 'africa', 'peaceful', 'relation', 'democratic']",10,[2],"[['africa', 'african', 'south', 'namibia', 'organisation', 'delegation', 'relation', 'kuwait', 'republic', 'crisis']]",[0.987],[0.973],[0.681],0.973,0.681,continued,,,,,
9,6.0,"['islamic', 'iran', 'iraq', 'aggression', 'republic', 'persian', 'kuwait', 'gulf', 'iraqi', 'occupation']",10,[9],"[['iran', 'islamic', 'iraq', 'iraqi', 'gulf', 'republic', 'aggression', 'kuwait', 'persian', 'crisis']]",[0.99],[0.941],[1.0],0.941,1.0,continued,,,,,
9,7.0,"['palestinian', 'nuclear', 'middle', 'israel', 'weapon', 'disarmament', 'palestine', 'australia', 'sweden', 'australian']",10,[7],"[['israel', 'palestinian', 'arab', 'territory', 'israeli', 'lebanon', 'middle', 'occupy', 'negotiation', 'settlement']]",[0.941],[0.923],[0.867],0.923,0.867,continued,,,,,
9,8.0,"['afghanistan', 'agreement', 'geneva', 'afghan', 'pakistan', 'refugee', 'violation', 'extremist', 'provision', 'republic']",10,[],[],[],[],[],0.0,0.0,disappeared,,,,,
9,,,10,,,,"[0.696, 0.892]","[0.303, 0.545]",1.588,0.848,merge,"[3, 5]","[['weapon', 'soviet', 'relation', 'europe', 'nuclear', 'agreement', 'military', 'disarmament', 'negotiation', 'union'], ['kuwait', 'crisis', 'arab', 'europe', 'gulf', 'aggression', 'south', 'environment', 'peaceful', 'malta']]",0.0,"['republic', 'europe', 'crisis', 'weapon', 'relation', 'democratic', 'south', 'nuclear', 'democracy', 'peaceful']","[0.913, 0.962]"
10,0.0,"['republic', 'europe', 'crisis', 'weapon', 'relation', 'democratic', 'south', 'nuclear', 'democracy', 'peaceful']",11,[],[],[],[],[],0.0,0.0,disappeared,,,,,
10,1.0,"['fortyseventh', 'shihabi', 'boutrosghali', 'congratulate', 'presidency', 'congratulation', 'samir', 'boutros', 'predecessor', 'sir']",11,[1],"[['shihabi', 'congratulate', 'presidency', 'sir', 'fortyseventh', 'predecessor', 'congratulation', 'samir', 'boutrosghali', 'extend']]",[0.997],[0.944],[0.965],0.944,0.965,continued,,,,,
10,2.0,"['africa', 'african', 'south', 'namibia', 'organisation', 'delegation', 'relation', 'kuwait', 'republic', 'crisis']",11,[],[],[],[],[],0.0,0.0,disappeared,,,,,
10,3.0,"['bosnia', 'herzegovina', 'yugoslavia', 'ethnic', 'law', 'serbian', 'aggression', 'cleansing', 'violation', 'republic']",11,[2],"[['bosnia', 'herzegovina', 'yugoslavia', 'croatia', 'ethnic', 'republic', 'aggression', 'crisis', 'bosnian', 'serbia']]",[0.979],[0.887],[0.909],0.887,0.909,continued,,,,,
10,4.0,"['peacekeeping', 'operation', 'preventive', 'diplomacy', 'regional', 'humanitarian', 'agenda', 'financial', 'charter', 'military']",11,[],[],[],[],[],0.0,0.0,disappeared,,,,,
10,5.0,"['africa', 'south', 'apartheid', 'african', 'violence', 'angola', 'mozambique', 'democratic', 'angolan', 'party']",11,[],[],[],[],[],0.0,0.0,disappeared,,,,,
10,6.0,"['environment', 'rio', 'environmental', 'sustainable', 'earth', 'agenda', 'convention', 'protection', 'resource', 'programme']",11,[],[],[],[],[],0.0,0.0,disappeared,,,,,
10,7.0,"['israel', 'palestinian', 'arab', 'territory', 'israeli', 'lebanon', 'middle', 'occupy', 'negotiation', 'settlement']",11,[],[],[],[],[],0.0,0.0,disappeared,,,,,
10,8.0,"['cold', 'freedom', 'superpower', 'long', 'era', 'challenge', 'free', 'russia', 'confrontation', 'ethnic']",11,[],[],[],[],[],0.0,0.0,disappeared,,,,,
10,9.0,"['iran', 'islamic', 'iraq', 'iraqi', 'gulf', 'republic', 'aggression', 'kuwait', 'persian', 'crisis']",11,[],[],[],[],[],0.0,0.0,disappeared,,,,,
10,10.0,"['weapon', 'nuclear', 'disarmament', 'treaty', 'chemical', 'nonproliferation', 'convention', 'mass', 'destruction', 'arm']",11,[],[],[],[],[],0.0,0.0,disappeared,,,,,
10,11.0,"['commission', 'charter', 'membership', 'agenda', 'effective', 'implementation', 'sustainable', 'secretariat', 'promote', 'present']",11,[],[],[],[],[],0.0,0.0,disappeared,,,,,
10,12.0,"['america', 'central', 'american', 'democracy', 'guatemala', 'nicaragua', 'drug', 'trade', 'freedom', 'agreement']",11,[],[],[],[],[],0.0,0.0,disappeared,,,,,
10,13.0,"['trade', 'uruguay', 'round', 'economy', 'gatt', 'tariff', 'agreement', 'negotiation', 'market', 'programme']",11,[],[],[],[],[],0.0,0.0,disappeared,,,,,
10,14.0,"['rio', 'africa', 'debt', 'cent', 'environment', 'economy', 'product', 'african', 'resource', 'sustainable']",11,[],[],[],[],[],0.0,0.0,disappeared,,,,,
10,15.0,"['latvia', 'estonia', 'russia', 'moldova', 'republic', 'russian', 'soviet', 'citizenship', 'azerbaijani', 'armenia']",11,[],[],[],[],[],0.0,0.0,disappeared,,,,,
10,16.0,"['somalia', 'somali', 'humanitarian', 'faction', 'tragedy', 'assistance', 'africa', 'suffering', 'crisis', 'horn']",11,[],[],[],[],[],0.0,0.0,disappeared,,,,,
11,0.0,"['africa', 'south', 'republic', 'agreement', 'democracy', 'regional', 'agenda', 'ofthe', 'democratic', 'resource']",12,[],[],[],[],[],0.0,0.0,disappeared,,,,,
11,1.0,"['shihabi', 'congratulate', 'presidency', 'sir', 'fortyseventh', 'predecessor', 'congratulation', 'samir', 'boutrosghali', 'extend']",12,[2],"[['portugal', 'fiftieth', 'freita', 'amaral', 'congratulation', 'boutrosghali', 'amara', 'boutros', 'essy', 'diogo']]",[0.906],[0.81],[0.63],0.81,0.63,continued,,,,,
11,2.0,"['bosnia', 'herzegovina', 'yugoslavia', 'croatia', 'ethnic', 'republic', 'aggression', 'crisis', 'bosnian', 'serbia']",12,[8],"[['bosnia', 'croatia', 'herzegovina', 'balkan', 'albania', 'serb', 'republic', 'bosnian', 'yugoslavia', 'greece']]",[0.955],[0.848],[0.944],0.848,0.944,continued,,,,,
12,1.0,"['iraq', 'arab', 'israel', 'israeli', 'palestinian', 'middle', 'libya', 'iraqi', 'stability', 'territory']",13,[4],"[['israel', 'arab', 'iraq', 'israeli', 'palestinian', 'middle', 'agreement', 'lebanon', 'negotiation', 'stability']]",[0.992],[0.942],[0.872],0.942,0.872,continued,,,,,
12,2.0,"['portugal', 'fiftieth', 'freita', 'amaral', 'congratulation', 'boutrosghali', 'amara', 'boutros', 'essy', 'diogo']",13,[2],"[['malaysia', 'razali', 'delegation', 'presidency', 'ismail', 'reform', 'tribute', 'portugal', 'congratulation', 'fiftyfirst']]",[0.971],[0.711],[0.719],0.711,0.719,continued,,,,,
12,3.0,"['nuclear', 'treaty', 'weapon', 'disarmament', 'nuclearweapon', 'nonproliferation', 'comprehensive', 'test', 'threat', 'convention']",13,[3],"[['nuclear', 'weapon', 'treaty', 'disarmament', 'nonproliferation', 'asia', 'nuclearweapon', 'convention', 'india', 'ctbt']]",[0.986],[0.933],[0.834],0.933,0.834,continued,,,,,
12,5.0,"['peacekeeping', 'operation', 'unitednation', 'union', 'european', 'theunite', 'ofthe', 'regional', 'personnel', 'financial']",13,[7],"[['peacekeeping', 'reform', 'european', 'unitednation', 'operation', 'union', 'europe', 'theunite', 'regional', 'latvia']]",[0.985],[0.945],[0.78],0.945,0.78,continued,,,,,
12,6.0,"['reform', 'century', 'common', 'theunite', 'charter', 'unitednation', 'financial', 'ofthe', 'justice', 'come']",13,[1],"[['reform', 'century', 'unitednation', 'power', 'financial', 'challenge', 'history', 'delegation', 'let', 'increase']]",[0.981],[0.864],[0.66],0.864,0.66,continued,,,,,
12,7.0,"['africa', 'south', 'african', 'apartheid', 'delegation', 'insanally', 'mozambique', 'guyana', 'tribute', 'fortyninth']",13,[],[],[],[],[],0.0,0.0,disappeared,,,,,
12,8.0,"['bosnia', 'croatia', 'herzegovina', 'balkan', 'albania', 'serb', 'republic', 'bosnian', 'yugoslavia', 'greece']",13,[8],"[['bosnia', 'croatia', 'herzegovina', 'albania', 'european', 'republic', 'greece', 'kosovo', 'balkan', 'relation']]",[0.98],[0.887],[0.857],0.887,0.857,continued,,,,,
12,9.0,"['afghanistan', 'tajikistan', 'islamic', 'taliban', 'pakistan', 'afghan', 'kabul', 'kashmir', 'india', 'turkmenistan']",13,[9],"[['afghanistan', 'taliban', 'tajikistan', 'islamic', 'turkmenistan', 'afghan', 'central', 'kabul', 'military', 'pakistani']]",[0.981],[0.966],[0.882],0.966,0.882,continued,,,,,
12,10.0,"['paraguay', 'bolivia', 'american', 'america', 'latin', 'democracy', 'mercosur', 'drug', 'uzbekistan', 'argentina']",13,[6],"[['america', 'democracy', 'bolivia', 'central', 'drug', 'american', 'reform', 'latin', 'society', 'integration']]",[0.981],[0.978],[0.847],0.978,0.847,continued,,,,,
12,12.0,"['ukraine', 'armenia', 'azerbaijan', 'azerbaijani', 'karabakh', 'georgia', 'nagorny', 'republic', 'activity', 'financial']",13,[],[],[],[],[],0.0,0.0,disappeared,,,,,
12,13.0,"['resource', 'poverty', 'woman', 'poor', 'growth', 'environment', 'individual', 'summit', 'water', 'rich']",13,[],[],[],[],[],0.0,0.0,disappeared,,,,,
12,15.0,"['myanmar', 'thailand', 'asean', 'drug', 'reform', 'group', 'law', 'race', 'theunite', 'delegation']",13,[],[],[],[],[],0.0,0.0,disappeared,,,,,
12,16.0,"['haiti', 'haitian', 'caribbean', 'democracy', 'reconciliation', 'justice', 'democratic', 'return', 'million', 'life']",13,[],[],[],[],[],0.0,0.0,disappeared,,,,,
12,,,13,,,,"[0.718, 0.966]","[0.401, 0.426]",1.684,0.826,merge,"[0, 4]","[['africa', 'debt', 'african', 'trade', 'programme', 'agenda', 'poverty', 'resource', 'continent', 'financial'], ['burundi', 'rwanda', 'refugee', 'liberia', 'african', 'somalia', 'africa', 'party', 'angola', 'zaire']]",0.0,"['africa', 'african', 'republic', 'ofthe', 'congo', 'continent', 'burundi', 'initiative', 'democratic', 'reform']","[0.966, 0.964]"
12,,,13,,,,"[0.927, 0.909]","[0.331, 0.39]",1.836,0.721,merge,"[11, 14]","[['island', 'pacific', 'small', 'papua', 'fiji', 'forum', 'guinea', 'resource', 'islands', 'sustainable'], ['caribbean', 'small', 'island', 'trade', 'saint', 'banana', 'lucia', 'barbado', 'tobago', 'jamaica']]",5.0,"['island', 'small', 'caribbean', 'trade', 'resource', 'programme', 'sustainable', 'economy', 'pacific', 'ofthe']","[0.936, 0.958]"
13,0.0,"['africa', 'african', 'republic', 'ofthe', 'congo', 'continent', 'burundi', 'initiative', 'democratic', 'reform']",14,[0],"[['africa', 'african', 'debt', 'republic', 'continent', 'leone', 'sierra', 'angola', 'initiative', 'congo']]",[0.995],[0.884],[0.922],0.884,0.922,continued,,,,,
13,3.0,"['nuclear', 'weapon', 'treaty', 'disarmament', 'nonproliferation', 'asia', 'nuclearweapon', 'convention', 'india', 'ctbt']",14,[7],"[['nuclear', 'weapon', 'treaty', 'disarmament', 'india', 'nonproliferation', 'nuclearweapon', 'arm', 'test', 'pakistan']]",[0.987],[0.79],[0.986],0.79,0.986,continued,,,,,
13,4.0,"['israel', 'arab', 'iraq', 'israeli', 'palestinian', 'middle', 'agreement', 'lebanon', 'negotiation', 'stability']",14,[3],"[['iraq', 'israel', 'palestinian', 'arab', 'israeli', 'lebanon', 'middle', 'jerusalem', 'kuwait', 'iraqi']]",[0.996],[0.886],[0.874],0.886,0.874,continued,,,,,
13,5.0,"['island', 'small', 'caribbean', 'trade', 'resource', 'programme', 'sustainable', 'economy', 'pacific', 'ofthe']",14,[2],"[['island', 'small', 'caribbean', 'pacific', 'trade', 'forum', 'programme', 'papua', 'address', 'resource']]",[0.987],[0.831],[0.768],0.831,0.768,continued,,,,,
13,6.0,"['america', 'democracy', 'bolivia', 'central', 'drug', 'american', 'reform', 'latin', 'society', 'integration']",14,[5],"[['america', 'bolivia', 'chile', 'financial', 'latin', 'commitment', 'argentina', 'ofthe', 'democracy', 'peru']]",[0.993],[0.881],[0.956],0.881,0.956,continued,,,,,
13,7.0,"['peacekeeping', 'reform', 'european', 'unitednation', 'operation', 'union', 'europe', 'theunite', 'regional', 'latvia']",14,[8],"[['peacekeeping', 'operation', 'unitednation', 'capacity', 'theunite', 'reform', 'law', 'regional', 'report', 'ofthe']]",[0.981],[0.725],[0.931],0.725,0.931,continued,,,,,
13,8.0,"['bosnia', 'croatia', 'herzegovina', 'albania', 'european', 'republic', 'greece', 'kosovo', 'balkan', 'relation']",14,[6],"[['kosovo', 'croatia', 'european', 'bosnia', 'europe', 'republic', 'herzegovina', 'stability', 'cyprus', 'albania']]",[0.986],[0.911],[0.867],0.911,0.867,continued,,,,,
13,9.0,"['afghanistan', 'taliban', 'tajikistan', 'islamic', 'turkmenistan', 'afghan', 'central', 'kabul', 'military', 'pakistani']",14,[11],"[['afghanistan', 'taliban', 'tajikistan', 'kyrgyzstan', 'pakistani', 'afghan', 'central', 'kazakhstan', 'pakistan', 'asia']]",[0.988],[1.0],[0.9],1.0,0.9,continued,,,,,
13,10.0,"['debt', 'trade', 'financial', 'globalization', 'economy', 'poor', 'market', 'poverty', 'wto', 'benefit']",14,[9],"[['globalization', 'economy', 'financial', 'market', 'trade', 'debt', 'rich', 'poverty', 'poor', 'crisis']]",[0.978],[0.879],[0.907],0.879,0.907,continued,,,,,
13,,,14,,,,"[0.563, 0.708]","[0.492, 0.392]",1.271,0.884,merge,"[1, 2]","[['reform', 'century', 'unitednation', 'power', 'financial', 'challenge', 'history', 'delegation', 'let', 'increase'], ['malaysia', 'razali', 'delegation', 'presidency', 'ismail', 'reform', 'tribute', 'portugal', 'congratulation', 'fiftyfirst']]",1.0,"['millennium', 'summit', 'reform', 'delegation', 'sir', 'challenge', 'extend', 'congratulate', 'unitednation', 'century']","[0.945, 0.942]"
14,0.0,"['africa', 'african', 'debt', 'republic', 'continent', 'leone', 'sierra', 'angola', 'initiative', 'congo']",15,[0],"[['africa', 'african', 'republic', 'continent', 'congo', 'poverty', 'sierra', 'ofthe', 'democratic', 'leone']]",[0.994],[0.934],[0.91],0.934,0.91,continued,,,,,
14,1.0,"['millennium', 'summit', 'reform', 'delegation', 'sir', 'challenge', 'extend', 'congratulate', 'unitednation', 'century']",15,"[1, 2]","[['congratulate', 'kofi', 'annan', 'han', 'seungsoo', 'congratulation', 'sir', 'delegation', 'fiftysixth', 'behalf'], ['globalization', 'millennium', 'summit', 'poverty', 'challenge', 'poor', 'trade', 'reform', 'unitednation', 'economy']]","[0.931, 0.941]","[0.414, 0.497]","[0.795, 0.456]",0.912,1.251,unclear,,,,,
14,2.0,"['island', 'small', 'caribbean', 'pacific', 'trade', 'forum', 'programme', 'papua', 'address', 'resource']",15,[3],"[['island', 'small', 'pacific', 'islands', 'resource', 'china', 'republic', 'ocean', 'caribbean', 'trade']]",[0.988],[0.858],[0.689],0.858,0.689,continued,,,,,
14,3.0,"['iraq', 'israel', 'palestinian', 'arab', 'israeli', 'lebanon', 'middle', 'jerusalem', 'kuwait', 'iraqi']",15,[5],"[['israel', 'palestinian', 'arab', 'iraq', 'israeli', 'middle', 'territory', 'weapon', 'return', 'stability']]",[0.994],[0.834],[0.922],0.834,0.922,continued,,,,,
14,4.0,"['namibia', 'millennium', 'summit', 'congratulate', 'republic', 'century', 'fiftyfourth', 'minister', 'ofthe', 'delegation']",15,[8],"[['namibia', 'millennium', 'summit', 'gurirab', 'theoben', 'minister', 'affair', 'congratulate', 'tuvalu', 'fiftyfifth']]",[0.99],[0.885],[0.911],0.885,0.911,continued,,,,,
14,5.0,"['america', 'bolivia', 'chile', 'financial', 'latin', 'commitment', 'argentina', 'ofthe', 'democracy', 'peru']",15,[6],"[['bolivia', 'democracy', 'panama', 'trade', 'america', 'promote', 'venezuela', 'free', 'peru', 'chile']]",[0.979],[0.912],[0.833],0.912,0.833,continued,,,,,
14,6.0,"['kosovo', 'croatia', 'european', 'bosnia', 'europe', 'republic', 'herzegovina', 'stability', 'cyprus', 'albania']",15,[11],"[['kosovo', 'bosnia', 'croatia', 'stability', 'european', 'herzegovina', 'europe', 'albanian', 'macedonia', 'republic']]",[0.982],[0.807],[0.949],0.807,0.949,continued,,,,,
14,7.0,"['nuclear', 'weapon', 'treaty', 'disarmament', 'india', 'nonproliferation', 'nuclearweapon', 'arm', 'test', 'pakistan']",15,[10],"[['nuclear', 'weapon', 'treaty', 'belarus', 'arm', 'disarmament', 'nonproliferation', 'summit', 'comprehensive', 'stability']]",[0.963],[0.957],[0.745],0.957,0.745,continued,,,,,
14,8.0,"['peacekeeping', 'operation', 'unitednation', 'capacity', 'theunite', 'reform', 'law', 'regional', 'report', 'ofthe']",15,[9],"[['peacekeeping', 'operation', 'report', 'prevention', 'theunite', 'europe', 'unitednation', 'mission', 'capacity', 'osce']]",[0.994],[0.948],[0.902],0.948,0.902,continued,,,,,
14,9.0,"['globalization', 'economy', 'financial', 'market', 'trade', 'debt', 'rich', 'poverty', 'poor', 'crisis']",15,[2],"[['globalization', 'millennium', 'summit', 'poverty', 'challenge', 'poor', 'trade', 'reform', 'unitednation', 'economy']]",[0.935],[0.833],[0.424],0.833,0.424,unclear,,,,,
14,10.0,"['child', 'law', 'court', 'terrorism', 'convention', 'union', 'criminal', 'challenge', 'group', 'rule']",15,[12],"[['court', 'law', 'century', 'statute', 'crime', 'rule', 'humanity', 'individual', 'terrorism', 'paraguay']]",[0.955],[0.628],[0.71],0.628,0.71,continued,,,,,
14,11.0,"['afghanistan', 'taliban', 'tajikistan', 'kyrgyzstan', 'pakistani', 'afghan', 'central', 'kazakhstan', 'pakistan', 'asia']",15,[7],"[['afghanistan', 'afghan', 'tajikistan', 'taliban', 'kyrgyzstan', 'turkmenistan', 'terrorism', 'pakistan', 'islamic', 'terrorist']]",[0.976],[0.85],[0.875],0.85,0.875,continued,,,,,
14,12.0,"['uruguay', 'congratulate', 'tribute', 'fiftythird', 'congratulation', 'opertti', 'annan', 'kofi', 'presidency', 'didier']",15,[],[],[],[],[],0.0,0.0,disappeared,,,,,
14,13.0,"['timor', 'timorese', 'indonesia', 'territory', 'veto', 'zealand', 'humanitarian', 'contribute', 'ballot', 'operation']",15,[],[],[],[],[],0.0,0.0,disappeared,,,,,
14,14.0,"['china', 'taiwan', 'viet', 'nam', 'republic', 'asean', 'asia', 'southeast', 'chinese', 'gambia']",15,[],[],[],[],[],0.0,0.0,disappeared,,,,,
15,0.0,"['africa', 'african', 'republic', 'continent', 'congo', 'poverty', 'sierra', 'ofthe', 'democratic', 'leone']",16,[],[],[],[],[],0.0,0.0,disappeared,,,,,
15,1.0,"['congratulate', 'kofi', 'annan', 'han', 'seungsoo', 'congratulation', 'sir', 'delegation', 'fiftysixth', 'behalf']",16,[],[],[],[],[],0.0,0.0,disappeared,,,,,
15,2.0,"['globalization', 'millennium', 'summit', 'poverty', 'challenge', 'poor', 'trade', 'reform', 'unitednation', 'economy']",16,[],[],[],[],[],0.0,0.0,disappeared,,,,,
15,3.0,"['island', 'small', 'pacific', 'islands', 'resource', 'china', 'republic', 'ocean', 'caribbean', 'trade']",16,[],[],[],[],[],0.0,0.0,disappeared,,,,,
15,4.0,"['terrorism', 'terrorist', 'september', 'attack', 'act', 'fight', 'states', 'convention', 'life', 'threat']",16,[],[],[],[],[],0.0,0.0,disappeared,,,,,
15,5.0,"['israel', 'palestinian', 'arab', 'iraq', 'israeli', 'middle', 'territory', 'weapon', 'return', 'stability']",16,[],[],[],[],[],0.0,0.0,disappeared,,,,,
15,6.0,"['bolivia', 'democracy', 'panama', 'trade', 'america', 'promote', 'venezuela', 'free', 'peru', 'chile']",16,[],[],[],[],[],0.0,0.0,disappeared,,,,,
15,7.0,"['afghanistan', 'afghan', 'tajikistan', 'taliban', 'kyrgyzstan', 'turkmenistan', 'terrorism', 'pakistan', 'islamic', 'terrorist']",16,[],[],[],[],[],0.0,0.0,disappeared,,,,,
15,8.0,"['namibia', 'millennium', 'summit', 'gurirab', 'theoben', 'minister', 'affair', 'congratulate', 'tuvalu', 'fiftyfifth']",16,[],[],[],[],[],0.0,0.0,disappeared,,,,,
15,9.0,"['peacekeeping', 'operation', 'report', 'prevention', 'theunite', 'europe', 'unitednation', 'mission', 'capacity', 'osce']",16,[],[],[],[],[],0.0,0.0,disappeared,,,,,
15,10.0,"['nuclear', 'weapon', 'treaty', 'belarus', 'arm', 'disarmament', 'nonproliferation', 'summit', 'comprehensive', 'stability']",16,[],[],[],[],[],0.0,0.0,disappeared,,,,,
15,11.0,"['kosovo', 'bosnia', 'croatia', 'stability', 'european', 'herzegovina', 'europe', 'albanian', 'macedonia', 'republic']",16,[1],"[['bosnia', 'european', 'kosovo', 'herzegovina', 'stability', 'reform', 'union', 'europe', 'integration', 'croatia']]",[0.98],[1.0],[0.854],1.0,0.854,continued,,,,,
15,12.0,"['court', 'law', 'century', 'statute', 'crime', 'rule', 'humanity', 'individual', 'terrorism', 'paraguay']",16,[],[],[],[],[],0.0,0.0,disappeared,,,,,
16,0.0,"['terrorism', 'ofthe', 'challenge', 'iraq', 'unitednation', 'poverty', 'africa', 'threat', 'commitment', 'african']",17,[],[],[],[],[],0.0,0.0,disappeared,,,,,
16,1.0,"['bosnia', 'european', 'kosovo', 'herzegovina', 'stability', 'reform', 'union', 'europe', 'integration', 'croatia']",17,[8],"[['bosnia', 'herzegovina', 'kosovo', 'european', 'serbia', 'balkan', 'macedonia', 'europe', 'albanian', 'albania']]",[0.984],[0.896],[0.941],0.896,0.941,continued,,,,,
17,0.0,"['island', 'small', 'pacific', 'islands', 'haiti', 'caribbean', 'solomon', 'grenada', 'papua', 'tobago']",18,[1],"[['climate', 'small', 'island', 'challenge', 'address', 'reform', 'commitment', 'pacific', 'resource', 'fiji']]",[0.897],[0.736],[0.333],0.736,0.333,disappeared,,,,,
17,1.0,"['poverty', 'democracy', 'ecuador', 'promote', 'goal', 'america', 'million', 'trade', 'society', 'increase']",18,[5],"[['cent', 'poverty', 'america', 'democracy', 'peru', 'promote', 'life', 'states', 'ecuador', 'bolivia']]",[0.938],[0.772],[0.939],0.772,0.939,continued,,,,,
17,2.0,"['reform', 'africa', 'challenge', 'goal', 'african', 'commitment', 'partnership', 'poverty', 'implementation', 'summit']",18,"[0, 2]","[['reform', 'european', 'terrorism', 'challenge', 'responsibility', 'law', 'regional', 'democracy', 'iraq', 'europe'], ['african', 'africa', 'union', 'commitment', 'reform', 'agreement', 'somalia', 'darfur', 'republic', 'challenge']]","[0.95, 0.951]","[0.4, 0.383]","[0.647, 0.658]",0.783,1.304,split,,,,,
17,3.0,"['african', 'africa', 'sudan', 'union', 'darfur', 'agreement', 'chad', 'angola', 'crisis', 'continent']",18,[],[],[],[],[],0.0,0.0,disappeared,,,,,
17,4.0,"['reform', 'ofthe', 'mandate', 'thesecurity', 'unitednation', 'membership', 'body', 'thegeneral', 'reflect', 'charter']",18,[],[],[],[],[],0.0,0.0,disappeared,,,,,
17,5.0,"['fiftyninth', 'ping', 'sir', 'jean', 'congratulation', 'presidency', 'congratulate', 'julian', 'hunte', 'appreciation']",18,[],[],[],[],[],0.0,0.0,disappeared,,,,,
17,6.0,"['lebanon', 'middle', 'israel', 'palestinian', 'dialogue', 'union', 'terrorism', 'european', 'reform', 'nuclear']",18,[3],"[['lebanon', 'israel', 'arab', 'palestinian', 'middle', 'terrorism', 'dialogue', 'lebanese', 'israeli', 'reform']]",[0.994],[1.0],[0.944],1.0,0.944,continued,,,,,
17,7.0,"['israel', 'palestinian', 'arab', 'israeli', 'territory', 'road', 'iraq', 'map', 'gaza', 'occupy']",18,[],[],[],[],[],0.0,0.0,disappeared,,,,,
17,8.0,"['bosnia', 'herzegovina', 'kosovo', 'european', 'serbia', 'balkan', 'macedonia', 'europe', 'albanian', 'albania']",18,[],[],[],[],[],0.0,0.0,disappeared,,,,,
17,9.0,"['africa', 'debt', 'african', 'malawi', 'poverty', 'trade', 'goal', 'nepad', 'initiative', 'hivaid']",18,[],[],[],[],[],0.0,0.0,disappeared,,,,,
17,10.0,"['turkmenistan', 'tajikistan', 'afghanistan', 'kyrgyzstan', 'regional', 'kyrgyz', 'terrorism', 'sustainable', 'reform', 'central']",18,[],[],[],[],[],0.0,0.0,disappeared,,,,,
17,11.0,"['gabon', 'fiftyninth', 'annan', 'ofthe', 'jean', 'reform', 'kofi', 'africa', 'ping', 'congratulate']",18,[],[],[],[],[],0.0,0.0,disappeared,,,,,
17,12.0,"['child', 'philippine', 'live', 'humanity', 'theunite', 'poverty', 'man', 'life', 'faith', 'woman']",18,[],[],[],[],[],0.0,0.0,disappeared,,,,,
17,13.0,"['iraq', 'iraqi', 'terrorist', 'weapon', 'help', 'regime', 'terrorism', 'stability', 'democracy', 'freedom']",18,[],[],[],[],[],0.0,0.0,disappeared,,,,,
17,14.0,"['terrorism', 'terrorist', 'act', 'attack', 'fight', 'threat', 'myanmar', 'russia', 'iraq', 'weapon']",18,[],[],[],[],[],0.0,0.0,disappeared,,,,,
17,15.0,"['nuclear', 'japan', 'weapon', 'korea', 'republic', 'china', 'peaceful', 'treaty', 'nonproliferation', 'promote']",18,[],[],[],[],[],0.0,0.0,disappeared,,,,,
18,0.0,"['reform', 'european', 'terrorism', 'challenge', 'responsibility', 'law', 'regional', 'democracy', 'iraq', 'europe']",19,[],[],[],[],[],0.0,0.0,disappeared,,,,,
18,1.0,"['climate', 'small', 'island', 'challenge', 'address', 'reform', 'commitment', 'pacific', 'resource', 'fiji']",19,[0],"[['crisis', 'climate', 'challenge', 'goal', 'financial', 'food', 'commitment', 'reform', 'address', 'africa']]",[0.967],[1.0],[0.301],1.0,0.301,disappeared,,,,,
18,2.0,"['african', 'africa', 'union', 'commitment', 'reform', 'agreement', 'somalia', 'darfur', 'republic', 'challenge']",19,[],[],[],[],[],0.0,0.0,disappeared,,,,,
18,3.0,"['lebanon', 'israel', 'arab', 'palestinian', 'middle', 'terrorism', 'dialogue', 'lebanese', 'israeli', 'reform']",19,[1],"[['arab', 'iraq', 'israel', 'palestinian', 'lebanon', 'iraqi', 'settlement', 'israeli', 'middle', 'occupation']]",[0.976],[0.926],[0.909],0.926,0.909,continued,,,,,
18,4.0,"['food', 'crisis', 'price', 'africa', 'challenge', 'agriculture', 'energy', 'poverty', 'production', 'increase']",19,[],[],[],[],[],0.0,0.0,disappeared,,,,,
18,5.0,"['cent', 'poverty', 'america', 'democracy', 'peru', 'promote', 'life', 'states', 'ecuador', 'bolivia']",19,[],[],[],[],[],0.0,0.0,disappeared,,,,,
19,0.0,"['crisis', 'climate', 'challenge', 'goal', 'financial', 'food', 'commitment', 'reform', 'address', 'africa']",20,[0],"[['climate', 'challenge', 'island', 'small', 'goal', 'nuclear', 'address', 'sustainable', 'commitment', 'pacific']]",[0.981],[0.684],[0.982],0.684,0.982,continued,,,,,
19,1.0,"['arab', 'iraq', 'israel', 'palestinian', 'lebanon', 'iraqi', 'settlement', 'israeli', 'middle', 'occupation']",20,[2],"[['arab', 'palestinian', 'israel', 'freedom', 'syria', 'law', 'crisis', 'iraq', 'libya', 'palestine']]",[0.957],[1.0],[0.868],1.0,0.868,continued,,,,,
20,0.0,"['climate', 'challenge', 'island', 'small', 'goal', 'nuclear', 'address', 'sustainable', 'commitment', 'pacific']",21,[18],"[['ofthe', 'law', 'rule', 'peaceful', 'dispute', 'unitednation', 'theunite', 'mean', 'sixtyseventh', 'commitment']]",[0.917],[0.679],[0.313],0.679,0.313,disappeared,,,,,
20,1.0,"['african', 'africa', 'sudan', 'republic', 'challenge', 'reform', 'union', 'crisis', 'commitment', 'peaceful']",21,[],[],[],[],[],0.0,0.0,disappeared,,,,,
20,2.0,"['arab', 'palestinian', 'israel', 'freedom', 'syria', 'law', 'crisis', 'iraq', 'libya', 'palestine']",21,[34],"[['arab', 'kuwait', 'syria', 'ofthe', 'crisis', 'syrian', 'freedom', 'greece', 'theunite', 'humanitarian']]",[0.951],[0.726],[0.821],0.726,0.821,continued,,,,,
20,3.0,"['law', 'peaceful', 'ofthe', 'rule', 'dispute', 'theunite', 'mean', 'unitednation', 'tuvalu', 'sudan']",21,[18],"[['ofthe', 'law', 'rule', 'peaceful', 'dispute', 'unitednation', 'theunite', 'mean', 'sixtyseventh', 'commitment']]",[0.945],[0.478],[0.506],0.478,0.506,unclear,,,,,
20,4.0,"['america', 'crisis', 'latin', 'law', 'panama', 'ecuador', 'poverty', 'cent', 'paraguay', 'american']",21,[4],"[['latin', 'america', 'paraguay', 'panama', 'chile', 'ecuador', 'american', 'caribbean', 'bolivia', 'integration']]",[0.848],[0.575],[0.787],0.575,0.787,unclear,,,,,
