relation,similarity,window1,window2,topic_id
continued,0.1185598909386201,0,1,0
continued,0.09578990905028456,0,1,1
continued,0.20282224681439168,0,1,2
continued,0.03836547802073393,0,1,3
continued,0.1824780127957509,0,1,4
continued,0.16623948555476586,0,1,5
continued,0.19552992054310686,0,1,6
continued,0.1946664351359556,0,1,7
continued,0.12159445482380492,0,1,8
continued,0.10056706180242254,0,1,9
continued,0.0698553806337155,0,1,10
continued,0.11020060887987411,0,1,11
continued,0.11178656900349701,0,1,12
continued,0.04541784449744112,0,1,13
continued,0.06757968639144858,0,1,14
continued,0.1562652647603962,0,1,15
continued,0.1261393586785077,0,1,16
continued,0.059075876896019515,0,1,17
continued,0.18448115989455297,0,1,18
continued,0.045984317962357524,0,1,19
continued,0.07614863417612215,0,1,20
continued,0.11977128456148028,0,1,21
continued,0.09597423085868122,0,1,22
continued,0.1485729892719748,0,1,23
continued,0.17166463863654138,0,1,24
continued,0.22012848994856443,0,1,25
continued,0.16989283846874653,0,1,26
continued,0.12523341475535799,0,1,27
continued,0.0765623404598872,0,1,28
continued,0.2012192038510212,0,1,29
continued,0.1451715638268556,0,1,30
continued,0.10916076190770259,0,1,31
continued,0.20135865138938028,0,1,32
continued,0.059710582711325094,0,1,33
continued,0.16558261742737487,0,1,34
continued,0.011202252302968842,0,1,35
continued,0.12232063097176908,0,1,36
continued,0.2606295487675164,0,1,37
continued,0.130359218667522,0,1,38
continued,0.14729946472201547,0,1,39
continued,0.1107703013957884,0,1,40
continued,0.04886300516589983,0,1,41
continued,0.10221977049710876,0,1,42
continued,0.14723604208066263,0,1,43
continued,0.08356591586999092,0,1,44
continued,0.17382262866511297,0,1,45
continued,0.14500953073001221,0,1,46
continued,0.04876249633718073,0,1,47
continued,0.15269198525166652,0,1,48
continued,0.08660226766058916,0,1,49
continued,-0.027272267046542346,1,2,0
continued,0.03029730311395245,1,2,1
continued,0.15666127504539187,1,2,2
continued,0.13716877613807013,1,2,3
continued,0.12241139871028568,1,2,4
continued,0.24924301686407468,1,2,5
continued,0.1255718031626143,1,2,6
continued,0.08908259773047125,1,2,7
continued,0.18188203609134226,1,2,8
continued,0.16026009857103315,1,2,9
continued,0.15900984298384024,1,2,10
continued,0.16679173564083827,1,2,11
continued,0.17537939649220943,1,2,12
continued,0.13638270519756918,1,2,13
continued,0.10816960626520751,1,2,14
continued,0.15041535781603746,1,2,15
continued,0.008896183621972939,1,2,16
continued,0.18576068829580158,1,2,17
continued,0.11965999628593303,1,2,18
continued,0.16291972348340064,1,2,19
continued,0.14999110318055234,1,2,20
continued,0.16652119127884815,1,2,21
continued,0.16965928094873275,1,2,22
continued,0.04358579091166637,1,2,23
continued,0.14320806500958588,1,2,24
continued,0.2186707777820115,1,2,25
continued,0.16929281428269718,1,2,26
continued,0.10041435021786206,1,2,27
continued,0.08338411332948278,1,2,28
continued,0.08390816752461226,1,2,29
continued,0.10896127434237944,1,2,30
continued,0.026912386539783284,1,2,31
continued,-0.0037389533407448184,1,2,32
continued,0.1871416654173816,1,2,33
continued,0.1470996142676021,1,2,34
continued,0.07370999255015764,1,2,35
continued,0.20307826362948314,1,2,36
continued,0.13296068516642826,1,2,37
continued,0.09020851580097383,1,2,38
continued,0.19257809542561985,1,2,39
continued,0.1804017588490765,1,2,40
continued,0.09046729829002093,1,2,41
continued,0.11422414212164739,1,2,42
continued,0.11897580481393616,1,2,43
continued,0.15460002747006937,1,2,44
continued,0.1169098184780498,1,2,45
continued,0.1360837730474029,1,2,46
continued,0.15294735298048612,1,2,47
continued,0.1556639139140632,1,2,48
continued,0.18768194987189457,1,2,49
continued,0.16728920650525356,2,3,0
continued,0.12255638373186274,2,3,1
continued,0.0682102701060242,2,3,2
continued,0.04613621341341789,2,3,3
continued,0.23627879981241767,2,3,4
continued,0.1486856241920801,2,3,5
continued,0.16595267321564602,2,3,6
continued,0.1575120501411164,2,3,7
continued,0.17424548530676556,2,3,8
continued,0.06671416946018793,2,3,9
continued,0.135170253043306,2,3,10
continued,0.22971190147303006,2,3,11
continued,0.04587947687274182,2,3,12
continued,0.004753667949249259,2,3,13
continued,-0.0030193994277738414,2,3,14
continued,0.13141073524916344,2,3,15
continued,0.05097016095855524,2,3,16
continued,-0.0007042008707797897,2,3,17
continued,0.02968025114923835,2,3,18
continued,0.11661294065363056,2,3,19
continued,0.06538717278470944,2,3,20
continued,0.16075016259049368,2,3,21
continued,0.13866044358922827,2,3,22
continued,0.05320810301073252,2,3,23
continued,0.1700588619424303,2,3,24
continued,0.20852971886341298,2,3,25
continued,0.14682637894027079,2,3,26
continued,0.13954770891764434,2,3,27
continued,0.14221978430140036,2,3,28
continued,0.17651239639103908,2,3,29
continued,0.13975661547349638,2,3,30
continued,0.07334832673266238,2,3,31
continued,0.13978229582630936,2,3,32
continued,0.10936307909388528,2,3,33
continued,0.02792708020671496,2,3,34
continued,0.15291308153821384,2,3,35
continued,0.11611837986356045,2,3,36
continued,0.12381323321451403,2,3,37
continued,0.11882755934890149,2,3,38
continued,0.03920352439071507,2,3,39
continued,0.16013479388887222,2,3,40
continued,0.1783004157031248,2,3,41
continued,0.10149929668075017,2,3,42
continued,0.08315923483639472,2,3,43
continued,0.14637309706445326,2,3,44
continued,0.19315308350694832,2,3,45
continued,0.05061731948419839,2,3,46
continued,0.1802625282561746,2,3,47
continued,0.21409985902100623,2,3,48
continued,0.07961605253585999,2,3,49
continued,0.1834511555120439,3,4,0
continued,0.04488312518762867,3,4,1
continued,-0.004569896547138176,3,4,2
continued,0.13665546143903104,3,4,3
continued,0.12446410173265289,3,4,4
continued,0.2157596435316505,3,4,5
continued,0.17549253935717993,3,4,6
continued,0.16230213771937646,3,4,7
continued,0.17321182388581635,3,4,8
continued,0.16216611218265423,3,4,9
continued,0.1873360195287596,3,4,10
continued,0.23677954062905357,3,4,11
continued,0.1043964900118807,3,4,12
continued,0.12894183675008675,3,4,13
continued,0.17765382596195825,3,4,14
continued,0.0838787282495843,3,4,15
continued,0.0564656140343194,3,4,16
continued,0.050862098858017644,3,4,17
continued,0.26057748872037223,3,4,18
continued,0.2044267261612418,3,4,19
continued,0.05152064053833927,3,4,20
continued,0.09668641531232428,3,4,21
continued,0.07585229359013472,3,4,22
continued,-0.08003434314769094,3,4,23
continued,0.19003964835541987,3,4,24
continued,0.17504718877517503,3,4,25
continued,0.2107728013371441,3,4,26
continued,0.16142167704561317,3,4,27
continued,0.1354061089744672,3,4,28
continued,0.05072163432652003,3,4,29
continued,0.07983855004651633,3,4,30
continued,0.07762198071482616,3,4,31
continued,0.15274813720392086,3,4,32
continued,0.15405022220237774,3,4,33
continued,0.12113611427825426,3,4,34
continued,0.15474705230110558,3,4,35
continued,0.06168715023214937,3,4,36
continued,0.1599800219260704,3,4,37
continued,0.20267477148135282,3,4,38
continued,0.18530379885033213,3,4,39
continued,0.11418259065311569,3,4,40
continued,0.14854646226630744,3,4,41
continued,0.11354281709803696,3,4,42
continued,0.02650741666495187,3,4,43
continued,0.17714681069128876,3,4,44
continued,0.08580309062411885,3,4,45
continued,0.10004274613734097,3,4,46
continued,0.05769562044682494,3,4,47
continued,0.09343928390078636,3,4,48
continued,0.23347980698937382,3,4,49
continued,0.07852736655066209,4,5,0
continued,0.173125704508778,4,5,1
continued,0.19733429781631598,4,5,2
continued,0.17459101600777505,4,5,3
continued,0.09150729431570585,4,5,4
continued,0.05503809430016937,4,5,5
continued,0.12323525595807973,4,5,6
continued,0.08896312585651872,4,5,7
continued,0.049937161941086564,4,5,8
continued,0.12557195973429072,4,5,9
continued,0.16135034731296463,4,5,10
continued,0.10066710481131193,4,5,11
continued,0.1258112721055581,4,5,12
continued,0.10629448348313238,4,5,13
continued,0.05186078494259733,4,5,14
continued,0.07372904269527493,4,5,15
continued,0.01040737099138019,4,5,16
continued,0.10149352523797973,4,5,17
continued,0.18061744275244795,4,5,18
continued,0.13478849595890371,4,5,19
continued,0.024393889522633085,4,5,20
continued,0.15364962437833893,4,5,21
continued,0.09397639549889142,4,5,22
continued,0.014688228991061102,4,5,23
continued,0.12148814007431545,4,5,24
continued,0.1456857854451829,4,5,25
continued,0.0566821977225245,4,5,26
continued,0.19874688745893435,4,5,27
continued,0.11169466104008134,4,5,28
continued,0.19906970711022076,4,5,29
continued,0.0858240128700972,4,5,30
continued,0.07546858514641024,4,5,31
continued,0.03273845195347941,4,5,32
continued,0.12460915281896193,4,5,33
continued,0.1702627536711458,4,5,34
continued,0.19287938511659844,4,5,35
continued,0.18188709346300616,4,5,36
continued,0.08773820875943023,4,5,37
continued,0.15778237694868194,4,5,38
continued,0.09773040126242162,4,5,39
continued,0.19520324227243324,4,5,40
continued,0.11236951701014779,4,5,41
continued,0.12121013858138756,4,5,42
continued,0.10759115766794665,4,5,43
continued,0.08371576249859236,4,5,44
continued,0.06780902114688372,4,5,45
continued,0.10882525343341298,4,5,46
continued,0.021556178831087697,4,5,47
continued,0.07567570178530571,4,5,48
continued,0.11171365639971838,4,5,49
continued,0.11201067504193808,5,6,0
continued,0.03388878907487264,5,6,1
continued,0.15451259473197268,5,6,2
continued,0.1266949204841546,5,6,3
continued,0.13167808936115732,5,6,4
continued,0.151742807438464,5,6,5
continued,0.18388940795672165,5,6,6
continued,0.1430284384091539,5,6,7
continued,0.1644524674377237,5,6,8
continued,0.20487433925704462,5,6,9
continued,0.1687650947423704,5,6,10
continued,0.08490804424452816,5,6,11
continued,0.17391312141633128,5,6,12
continued,0.1253284627075402,5,6,13
continued,0.20560073315015068,5,6,14
continued,0.05512088158235534,5,6,15
continued,0.15820649699115708,5,6,16
continued,0.04710828094122901,5,6,17
continued,0.07248513428420131,5,6,18
continued,0.08488579151520315,5,6,19
continued,0.08953807825083195,5,6,20
continued,0.24241919984797367,5,6,21
continued,0.20420691610292538,5,6,22
continued,0.09043463135058628,5,6,23
continued,0.12132540045906406,5,6,24
continued,0.2014631820309408,5,6,25
continued,0.14380263932269907,5,6,26
continued,0.11722857343685807,5,6,27
continued,0.07766674512024646,5,6,28
continued,0.05875606771840354,5,6,29
continued,0.10210905047868653,5,6,30
continued,0.15567858936571538,5,6,31
continued,0.13942968488843172,5,6,32
continued,0.0976000521933449,5,6,33
continued,0.16940876805011829,5,6,34
continued,0.20310994121700732,5,6,35
continued,0.198771252016701,5,6,36
continued,0.08402794686962635,5,6,37
continued,0.16045140459134746,5,6,38
continued,0.08736987440104514,5,6,39
continued,0.1455001096501731,5,6,40
continued,0.10163704590866551,5,6,41
continued,0.18864290727344815,5,6,42
continued,0.12569072981330576,5,6,43
continued,0.031003188990984427,5,6,44
continued,0.1233152618999602,5,6,45
continued,0.20031318671103043,5,6,46
continued,0.08987056932137308,5,6,47
continued,0.02409422841089631,5,6,48
continued,0.06567962020539908,5,6,49
continued,0.13982812571086464,6,7,0
continued,-0.0339016553505318,6,7,1
continued,0.1431666166514232,6,7,2
continued,0.11783529267671214,6,7,3
continued,0.02064543876001141,6,7,4
continued,0.1981118220370751,6,7,5
continued,0.17439811697658233,6,7,6
continued,0.17409116443117487,6,7,7
continued,0.05179293086419501,6,7,8
continued,0.16434229783407486,6,7,9
continued,0.13481589859032972,6,7,10
continued,0.09418530563915939,6,7,11
continued,0.06863123202017658,6,7,12
continued,0.13527977837826538,6,7,13
continued,0.06466200147344241,6,7,14
continued,0.10274890228392541,6,7,15
continued,0.09400833589585612,6,7,16
continued,0.2237823677646522,6,7,17
continued,0.06869866265996255,6,7,18
continued,0.16302652331371476,6,7,19
continued,0.0921232266845064,6,7,20
continued,0.07023750483587014,6,7,21
continued,0.1732195991777025,6,7,22
continued,0.14172243956361927,6,7,23
continued,0.08383562388747247,6,7,24
continued,0.15586799805357737,6,7,25
continued,0.04511554830286982,6,7,26
continued,0.18015026606107556,6,7,27
continued,0.09378122143206437,6,7,28
continued,0.08282291423214955,6,7,29
continued,-0.025433046211007566,6,7,30
continued,0.0587325866095177,6,7,31
continued,0.0698607062074537,6,7,32
continued,0.12443198252390031,6,7,33
continued,0.021521948317583656,6,7,34
continued,0.10378192533719292,6,7,35
continued,0.21088936629299804,6,7,36
continued,0.1845892519919489,6,7,37
continued,0.18974479384980952,6,7,38
continued,0.061593071937211336,6,7,39
continued,0.18954510710944286,6,7,40
continued,0.09207329498682042,6,7,41
continued,0.21058150915724333,6,7,42
continued,-0.03213936685445195,6,7,43
continued,-0.04477630005741954,6,7,44
continued,0.06693687382130559,6,7,45
continued,-0.080455516301598,6,7,46
continued,0.040691296837774275,6,7,47
continued,0.08031593675132362,6,7,48
continued,0.17897331442796907,6,7,49
continued,0.09870633973867918,7,8,0
continued,0.049234881693305886,7,8,1
continued,0.12230115575759617,7,8,2
continued,0.14629632379238341,7,8,3
continued,0.016895612818470098,7,8,4
continued,0.09587135402871998,7,8,5
continued,0.06252073549452364,7,8,6
continued,0.07960147864830956,7,8,7
continued,0.23366213105279707,7,8,8
continued,0.1913593343349477,7,8,9
continued,0.1802896472264017,7,8,10
continued,0.08854140720374169,7,8,11
continued,0.1073674044895983,7,8,12
continued,0.11664562214008675,7,8,13
continued,0.1949331989765024,7,8,14
continued,0.1840947049653322,7,8,15
continued,0.18512304611495814,7,8,16
continued,0.06666929499729002,7,8,17
continued,0.020600957871160182,7,8,18
continued,0.15909697061204015,7,8,19
continued,0.0949572960610713,7,8,20
continued,0.17827069140523566,7,8,21
continued,0.14391149856806434,7,8,22
continued,0.02189788959064678,7,8,23
continued,0.049104492666201545,7,8,24
continued,0.08899542036607985,7,8,25
continued,0.10405343651034696,7,8,26
continued,0.13339802148438124,7,8,27
continued,0.12351203799788672,7,8,28
continued,0.1712200704175179,7,8,29
continued,0.10527817174040187,7,8,30
continued,0.0944780489750132,7,8,31
continued,0.051192586570004896,7,8,32
continued,0.10698853383432698,7,8,33
continued,0.10532823746240655,7,8,34
continued,0.11661806322642744,7,8,35
continued,-0.02261459427800664,7,8,36
continued,0.04389348423195965,7,8,37
continued,0.11738782729485855,7,8,38
continued,-0.026186780169883753,7,8,39
continued,0.10144901005078794,7,8,40
continued,-0.006654786290032563,7,8,41
continued,0.17779049874019753,7,8,42
continued,0.1091784676545798,7,8,43
continued,0.11051973123848244,7,8,44
continued,0.12011578008248366,7,8,45
continued,0.1384947794926772,7,8,46
continued,0.13788226930677683,7,8,47
continued,0.2051913959765499,7,8,48
continued,0.13601176959006886,7,8,49
continued,0.14158174910663496,8,9,0
continued,0.06965281313419372,8,9,1
continued,0.1200809281251075,8,9,2
continued,0.054129288633201565,8,9,3
continued,-0.018902911139168296,8,9,4
continued,0.03746423183216605,8,9,5
continued,0.1786528998119774,8,9,6
continued,0.14653451132242773,8,9,7
continued,0.11707749388485886,8,9,8
continued,0.17574133994652183,8,9,9
continued,0.1025110606768474,8,9,10
continued,0.16740919727295472,8,9,11
continued,0.07604441567267284,8,9,12
continued,0.048943231002917094,8,9,13
continued,0.1751240086589658,8,9,14
continued,0.18261868484305913,8,9,15
continued,0.05822287812322797,8,9,16
continued,0.08477349682417194,8,9,17
continued,0.11547798592439126,8,9,18
continued,0.06145202763526859,8,9,19
continued,0.08404506158933729,8,9,20
continued,0.07431148037210723,8,9,21
continued,0.08820359803463662,8,9,22
continued,0.11112116368398217,8,9,23
continued,0.07743380346975726,8,9,24
continued,0.19275237372760615,8,9,25
continued,0.16407008573672247,8,9,26
continued,0.08626431857289416,8,9,27
continued,0.20032017933679253,8,9,28
continued,0.1639970883999438,8,9,29
continued,0.1150674756809188,8,9,30
continued,0.0807870646531252,8,9,31
continued,0.032200296639004214,8,9,32
continued,0.11519900008221644,8,9,33
continued,0.1902727261562439,8,9,34
continued,0.22421828457650042,8,9,35
continued,0.055997032882831074,8,9,36
continued,0.16157623532202117,8,9,37
continued,0.057286693026561586,8,9,38
continued,0.16602170882239228,8,9,39
continued,0.1277100091108148,8,9,40
continued,0.0860155534733964,8,9,41
continued,0.2272935827654796,8,9,42
continued,0.21816418049603195,8,9,43
continued,0.02536008215284375,8,9,44
continued,0.10992526650835774,8,9,45
continued,0.22368158378129144,8,9,46
continued,0.04203893214003482,8,9,47
continued,0.19720940649180652,8,9,48
continued,0.04181900986145913,8,9,49
continued,0.2335935424238108,9,10,0
continued,0.16833414272685865,9,10,1
continued,0.06952676668355497,9,10,2
continued,0.06013496567569082,9,10,3
continued,0.07326791695049847,9,10,4
continued,0.11534106773903116,9,10,5
continued,0.18824442276488962,9,10,6
continued,0.05992313873602155,9,10,7
continued,0.06187653337725476,9,10,8
continued,0.16286356352879072,9,10,9
continued,0.09486259808179662,9,10,10
continued,0.10153757123693843,9,10,11
continued,0.14651823718170548,9,10,12
continued,-0.03002944802434582,9,10,13
continued,0.18759383857981587,9,10,14
continued,0.1320650122322943,9,10,15
continued,0.19301669539626587,9,10,16
continued,0.07474892963659834,9,10,17
continued,0.07614104102717441,9,10,18
continued,-0.0137509186656074,9,10,19
continued,0.06550791370458225,9,10,20
continued,0.1589054226483097,9,10,21
continued,0.13217304500291643,9,10,22
continued,0.05803395883636483,9,10,23
continued,0.07486879240693653,9,10,24
continued,0.19461146043379882,9,10,25
continued,0.1507804285239662,9,10,26
continued,0.07395925346775482,9,10,27
continued,0.11222522335349669,9,10,28
continued,0.1684993921321473,9,10,29
continued,0.15803299744025812,9,10,30
continued,-0.0341117272669058,9,10,31
continued,0.15062831620491196,9,10,32
continued,0.1388601205585548,9,10,33
continued,0.17096200116144256,9,10,34
continued,0.13907770771620975,9,10,35
continued,0.021293681617863765,9,10,36
continued,0.12045381502342963,9,10,37
continued,0.09834606297306388,9,10,38
continued,0.13443855749243072,9,10,39
continued,0.11299091218605548,9,10,40
continued,0.19860316661301092,9,10,41
continued,0.008795049746484294,9,10,42
continued,0.1656348741506302,9,10,43
continued,0.106602556082433,9,10,44
continued,0.04996265565578475,9,10,45
continued,0.09600166057722767,9,10,46
continued,0.07014348699471164,9,10,47
continued,0.1407615210641282,9,10,48
continued,0.03307453043812723,9,10,49
continued,0.14379903688305218,10,11,0
continued,0.03000381626350671,10,11,1
continued,0.09327309888717047,10,11,2
continued,0.12049999562075527,10,11,3
continued,0.1195796211097577,10,11,4
continued,0.12946082310322365,10,11,5
continued,0.019428384768427405,10,11,6
continued,0.040459197552754365,10,11,7
continued,0.07148870425539036,10,11,8
continued,0.17323386221528453,10,11,9
continued,0.12323075897599517,10,11,10
continued,0.0031836164389384258,10,11,11
continued,0.14518725811206193,10,11,12
continued,0.11254904990240323,10,11,13
continued,0.00503499633892136,10,11,14
continued,0.07089108472661343,10,11,15
continued,0.06312258028282504,10,11,16
continued,0.08842225956692898,10,11,17
continued,0.1383069818647932,10,11,18
continued,0.10683596510896008,10,11,19
continued,0.12228475010371184,10,11,20
continued,0.07045367806892598,10,11,21
continued,0.02852599765331901,10,11,22
continued,0.1202692267262216,10,11,23
continued,0.08145943102054942,10,11,24
continued,0.10888259624768194,10,11,25
continued,0.1235524932000958,10,11,26
continued,0.1629094140092886,10,11,27
continued,0.24135661355180824,10,11,28
continued,0.16057909073924692,10,11,29
continued,0.13199428223713938,10,11,30
continued,0.11498832462682121,10,11,31
continued,0.096145116197635,10,11,32
continued,0.07359751204161466,10,11,33
continued,0.14255910633764404,10,11,34
continued,0.11239364592959498,10,11,35
continued,0.09048246463154858,10,11,36
continued,0.14323460203117294,10,11,37
continued,0.06270264674235582,10,11,38
continued,0.10269762764682763,10,11,39
continued,0.17828877341986585,10,11,40
continued,0.09479744652972508,10,11,41
continued,0.12175918247776729,10,11,42
continued,0.12135909919139737,10,11,43
continued,0.051312598430731174,10,11,44
continued,0.16638471654006706,10,11,45
continued,0.15780462482540192,10,11,46
continued,0.16998539360597875,10,11,47
continued,0.12780050107364535,10,11,48
continued,0.14668370187344335,10,11,49
continued,0.13617591415302438,11,12,0
continued,0.03488178994765554,11,12,1
continued,0.05253595503349531,11,12,2
continued,0.05006430259530016,11,12,3
continued,0.17148437326245095,11,12,4
continued,0.16894874174146082,11,12,5
continued,0.0828699008917394,11,12,6
continued,0.17345764163234864,11,12,7
continued,0.06305956823685305,11,12,8
continued,0.12177207851545008,11,12,9
continued,0.09102935925605135,11,12,10
continued,0.09333744186755466,11,12,11
continued,0.1490821014169641,11,12,12
continued,0.13025636003239494,11,12,13
continued,0.049129552823196455,11,12,14
continued,-0.02662944378405062,11,12,15
continued,0.06070614165732302,11,12,16
continued,0.03557296203724991,11,12,17
continued,0.0981226614777391,11,12,18
continued,0.17135228735826366,11,12,19
continued,0.12482021093657517,11,12,20
continued,0.1235269491031683,11,12,21
continued,0.17591115304126106,11,12,22
continued,0.18192965390720955,11,12,23
continued,0.09134603250558276,11,12,24
continued,0.14806178758736696,11,12,25
continued,0.2250256965199926,11,12,26
continued,0.13630332380520221,11,12,27
continued,0.07950032800506866,11,12,28
continued,0.09147773178258627,11,12,29
continued,0.05395518870062292,11,12,30
continued,0.03511569424587903,11,12,31
continued,0.1369217910329152,11,12,32
continued,0.1717375584963736,11,12,33
continued,0.19599624408810662,11,12,34
continued,0.09615531551078883,11,12,35
continued,0.09068340364682327,11,12,36
continued,0.09139309303472286,11,12,37
continued,0.19296587614532462,11,12,38
continued,0.07420983315874613,11,12,39
continued,0.12930088805406395,11,12,40
continued,0.07035793044802872,11,12,41
continued,0.0742677034998932,11,12,42
continued,0.12648857874659164,11,12,43
continued,0.052799922499666134,11,12,44
continued,0.09465157906829078,11,12,45
continued,0.11690738667423965,11,12,46
continued,0.06042241270118077,11,12,47
continued,0.15583595046147977,11,12,48
continued,0.1858283011869526,11,12,49
continued,0.13307424851364857,12,13,0
continued,0.09219680888103272,12,13,1
continued,0.08300613894131754,12,13,2
continued,0.05382670891585471,12,13,3
continued,0.08042320734047097,12,13,4
continued,0.09218269970081289,12,13,5
continued,0.06876238167012425,12,13,6
continued,0.04604336085252598,12,13,7
continued,-0.0022503779783429757,12,13,8
continued,0.05378182860894375,12,13,9
continued,0.13513852772006152,12,13,10
continued,0.06834292826977562,12,13,11
continued,0.14425561206628726,12,13,12
continued,0.14675916842918643,12,13,13
continued,0.060026546652257554,12,13,14
continued,0.16532885921507903,12,13,15
continued,0.08902810745687394,12,13,16
continued,0.17447719267732373,12,13,17
continued,0.07500510846297216,12,13,18
continued,0.15661081473860952,12,13,19
continued,0.1135347923728404,12,13,20
continued,0.15649785411473904,12,13,21
continued,0.08937201786420668,12,13,22
continued,0.2011528398391862,12,13,23
continued,0.184642133839765,12,13,24
continued,0.054899632581248595,12,13,25
continued,0.11720811439717077,12,13,26
continued,0.03027254969129199,12,13,27
continued,0.0813240008447846,12,13,28
continued,0.160588050340871,12,13,29
continued,0.04102289524631214,12,13,30
continued,0.13219372360154996,12,13,31
continued,0.07093048644418813,12,13,32
continued,0.10673603536669483,12,13,33
continued,0.09918471766285637,12,13,34
continued,0.15021761908763825,12,13,35
continued,0.13190897149214942,12,13,36
continued,0.11630268621272204,12,13,37
continued,0.09905476298701765,12,13,38
continued,0.08494944693442899,12,13,39
continued,0.06379914233968838,12,13,40
continued,0.15099718245879837,12,13,41
continued,0.11147093600265999,12,13,42
continued,0.19659136981209746,12,13,43
continued,0.18055377501014824,12,13,44
continued,0.1181379343825015,12,13,45
continued,0.24221215646239888,12,13,46
continued,0.13522482856520715,12,13,47
continued,0.09483479334744929,12,13,48
continued,0.10651807916064074,12,13,49
continued,0.11058332290605308,13,14,0
continued,0.08934793360548109,13,14,1
continued,0.08511221379319582,13,14,2
continued,0.1292332170989797,13,14,3
continued,0.049091431146073485,13,14,4
continued,0.15515627374335159,13,14,5
continued,0.06870737895356495,13,14,6
continued,0.05784994048896276,13,14,7
continued,0.1254294578387323,13,14,8
continued,0.06554328280993593,13,14,9
continued,0.0794743816170337,13,14,10
continued,0.03313402894528203,13,14,11
continued,0.07784710959170973,13,14,12
continued,0.054975314572232155,13,14,13
continued,0.1041792621717699,13,14,14
continued,0.09107916094457656,13,14,15
continued,0.08918475923249052,13,14,16
continued,0.16030221105693712,13,14,17
continued,0.11781754992524524,13,14,18
continued,0.10256083724034418,13,14,19
continued,0.18474480430213155,13,14,20
continued,0.15391107433913204,13,14,21
continued,0.07721798788606164,13,14,22
continued,0.06630745623372108,13,14,23
continued,0.05802563996487608,13,14,24
continued,0.13586092567123637,13,14,25
continued,0.046089787566528276,13,14,26
continued,0.007811175669255967,13,14,27
continued,0.22159034415637785,13,14,28
continued,0.1680065347058482,13,14,29
continued,0.17991963186393875,13,14,30
continued,0.19810514916025898,13,14,31
continued,0.10835941600027717,13,14,32
continued,0.09327075576884779,13,14,33
continued,0.0638972801022303,13,14,34
continued,0.1418164056777809,13,14,35
continued,0.017401655716605156,13,14,36
continued,0.15898694111821135,13,14,37
continued,0.14369877814674736,13,14,38
continued,0.06597801302300486,13,14,39
continued,0.2095413576178295,13,14,40
continued,0.20632148714032236,13,14,41
continued,0.15186623619345183,13,14,42
continued,0.10539596113740671,13,14,43
continued,0.14567401607898403,13,14,44
continued,0.08175575968343847,13,14,45
continued,0.11061029657393466,13,14,46
continued,0.10365419294786579,13,14,47
continued,0.1332517568863277,13,14,48
continued,0.09450066772876146,13,14,49
continued,0.0688834436935885,14,15,0
continued,0.0614644202856453,14,15,1
continued,0.19603490589002384,14,15,2
continued,0.06596193009256301,14,15,3
continued,0.10367600472369659,14,15,4
continued,0.05881964489122997,14,15,5
continued,0.0002128883571301753,14,15,6
continued,0.16122169712958279,14,15,7
continued,0.16787654425038584,14,15,8
continued,0.10437826693874923,14,15,9
continued,0.11501163042160169,14,15,10
continued,0.15415941039001355,14,15,11
continued,0.1605434978173458,14,15,12
continued,0.042376104928847066,14,15,13
continued,0.032622673126715865,14,15,14
continued,0.05834434070467543,14,15,15
continued,0.0340094327784274,14,15,16
continued,0.07643399295896672,14,15,17
continued,0.14614731040061515,14,15,18
continued,0.0929787313817798,14,15,19
continued,0.10519396475968897,14,15,20
continued,0.1588593484512928,14,15,21
continued,0.13303524807744077,14,15,22
continued,0.13883739982004803,14,15,23
continued,0.15421591822737593,14,15,24
continued,0.12176705512377295,14,15,25
continued,0.060887326024577956,14,15,26
continued,0.09633202385907436,14,15,27
continued,0.1437831857006318,14,15,28
continued,0.16359521683901812,14,15,29
continued,0.06291135627521169,14,15,30
continued,0.10504792545408012,14,15,31
continued,0.19028432132811046,14,15,32
continued,0.08643255541368637,14,15,33
continued,0.1437938702377695,14,15,34
continued,0.16005773031171985,14,15,35
continued,0.05504808309998316,14,15,36
continued,0.12880493999675607,14,15,37
continued,0.1555895251924977,14,15,38
continued,-0.04976792759307722,14,15,39
continued,0.10510905718375674,14,15,40
continued,0.20245823908127147,14,15,41
continued,0.0355751566318504,14,15,42
continued,0.10385124540136384,14,15,43
continued,0.06756715609480916,14,15,44
continued,0.07268569435910534,14,15,45
continued,0.2283059319296839,14,15,46
continued,0.17860431198137128,14,15,47
continued,0.1464287464950206,14,15,48
continued,0.17470935672121712,14,15,49
continued,0.075576774357408,15,16,0
continued,0.10852516090144744,15,16,1
continued,0.0775962293470343,15,16,2
continued,0.11700018494090927,15,16,3
continued,0.12010092162084765,15,16,4
continued,0.0976361160690735,15,16,5
continued,0.1596565108382959,15,16,6
continued,0.13336885655748687,15,16,7
continued,0.001063176830693439,15,16,8
continued,0.06868294992628944,15,16,9
continued,0.004500818910302613,15,16,10
continued,0.08958204954496503,15,16,11
continued,0.18028002073127036,15,16,12
continued,0.1068723747647767,15,16,13
continued,0.03862926629753242,15,16,14
continued,0.12036089766631303,15,16,15
continued,0.1341114109120331,15,16,16
continued,0.0816200922747407,15,16,17
continued,0.2566847677919466,15,16,18
continued,0.1325536293526125,15,16,19
continued,0.08704280358253129,15,16,20
continued,0.25304376706147574,15,16,21
continued,0.11308607622596428,15,16,22
continued,0.1359474681703052,15,16,23
continued,0.028292470367374454,15,16,24
continued,0.027940394781008453,15,16,25
continued,0.10655653352923566,15,16,26
continued,0.0912143700453648,15,16,27
continued,0.08372893651288077,15,16,28
continued,0.11932359559264646,15,16,29
continued,0.15306598443669728,15,16,30
continued,0.21875340324734113,15,16,31
continued,0.10999074954458132,15,16,32
continued,0.15924841628051586,15,16,33
continued,0.1835343777236697,15,16,34
continued,0.15990001461900982,15,16,35
continued,0.12888756045635008,15,16,36
continued,0.18188641390294896,15,16,37
continued,0.18830415546701906,15,16,38
continued,0.20095622867013216,15,16,39
continued,0.07836423329080251,15,16,40
continued,0.1430669753193199,15,16,41
continued,0.10162252883469065,15,16,42
continued,0.05519801884030744,15,16,43
continued,0.15550887730041515,15,16,44
continued,0.19388315321149374,15,16,45
continued,0.12846817984501918,15,16,46
continued,0.14416746949925177,15,16,47
continued,0.008456743725492027,15,16,48
continued,0.13288923037011044,15,16,49
continued,0.2007608454997577,16,17,0
continued,0.16444426767049392,16,17,1
continued,0.21866328907342655,16,17,2
continued,0.09090029675073968,16,17,3
continued,-0.03150616920348379,16,17,4
continued,0.08320996491720455,16,17,5
continued,0.20919901736982555,16,17,6
continued,0.160379547023901,16,17,7
continued,0.0847786055425676,16,17,8
continued,0.18418759895368342,16,17,9
continued,0.16499110379580278,16,17,10
continued,0.1229169520637891,16,17,11
continued,0.2097737846550474,16,17,12
continued,0.25383219695093284,16,17,13
continued,0.17228302121578495,16,17,14
continued,0.11699243462604836,16,17,15
continued,0.07231448498745004,16,17,16
continued,0.15033811818243628,16,17,17
continued,0.08566860332333222,16,17,18
continued,0.065188167675324,16,17,19
continued,0.12479832825735984,16,17,20
continued,0.16408267062466153,16,17,21
continued,0.17643267357330109,16,17,22
continued,0.19645298343064158,16,17,23
continued,0.010961373352962746,16,17,24
continued,0.09116060907166884,16,17,25
continued,0.1056261994298506,16,17,26
continued,0.03625264458189323,16,17,27
continued,0.093515596479538,16,17,28
continued,0.10967515470505428,16,17,29
continued,0.07839572800381377,16,17,30
continued,0.10188822353009032,16,17,31
continued,0.11554612883954644,16,17,32
continued,0.04239068385582711,16,17,33
continued,0.15298580280101964,16,17,34
continued,0.13696057684485907,16,17,35
continued,0.07662440052776096,16,17,36
continued,0.15670408258736226,16,17,37
continued,-0.01948303409974261,16,17,38
continued,0.14361002207299023,16,17,39
continued,0.16153925816606676,16,17,40
continued,0.1965721980569698,16,17,41
continued,0.03819949705123397,16,17,42
continued,0.06100347476015708,16,17,43
continued,0.10692305433549291,16,17,44
continued,0.08899461613582323,16,17,45
continued,0.16978652051442641,16,17,46
continued,0.13519241474392135,16,17,47
continued,0.14814729547263727,16,17,48
continued,-7.3352064691278e-05,16,17,49
continued,0.14760294224503073,17,18,0
continued,0.08170681087319918,17,18,1
continued,0.024608040685599755,17,18,2
continued,0.07988626993165329,17,18,3
continued,0.04815582110855741,17,18,4
continued,0.1520466811239591,17,18,5
continued,0.0844066579026654,17,18,6
continued,0.08260005336319245,17,18,7
continued,0.14365967935646548,17,18,8
continued,0.06912685211980107,17,18,9
continued,0.049549503891291126,17,18,10
continued,0.13771598778481772,17,18,11
continued,0.14429370462287658,17,18,12
continued,0.14063404792838047,17,18,13
continued,0.15392358304209008,17,18,14
continued,0.13507423595311133,17,18,15
continued,0.0019285186143204918,17,18,16
continued,0.09591558897164863,17,18,17
continued,0.019016639944965337,17,18,18
continued,0.11642714974482354,17,18,19
continued,0.14781499488035998,17,18,20
continued,0.12798654864181652,17,18,21
continued,0.2565178616912892,17,18,22
continued,0.171274129785668,17,18,23
continued,0.15011437206251216,17,18,24
continued,0.14031836914578094,17,18,25
continued,0.06683743985104625,17,18,26
continued,0.1917955245161785,17,18,27
continued,0.24235967177537956,17,18,28
continued,0.1556422415044224,17,18,29
continued,0.1557377723864641,17,18,30
continued,0.106103229553858,17,18,31
continued,0.10875365111656422,17,18,32
continued,0.10179973384553291,17,18,33
continued,0.030735570204029082,17,18,34
continued,0.14143501360178098,17,18,35
continued,0.11551188078689635,17,18,36
continued,0.11587224729149255,17,18,37
continued,0.11298419178944143,17,18,38
continued,0.12068441731360757,17,18,39
continued,0.11770078786968588,17,18,40
continued,0.16286284148715555,17,18,41
continued,0.10241551201258378,17,18,42
continued,0.10144566715442352,17,18,43
continued,0.12489241245512663,17,18,44
continued,0.20542303081971425,17,18,45
continued,0.1001218935990683,17,18,46
continued,0.14557212857965987,17,18,47
continued,0.11948934346310444,17,18,48
continued,0.10574034630421399,17,18,49
continued,0.1184718093525032,18,19,0
continued,0.07974539799701123,18,19,1
continued,0.09171612491879992,18,19,2
continued,0.20562146710356974,18,19,3
continued,0.11364559611957424,18,19,4
continued,0.02122901421832593,18,19,5
continued,0.17305376504376271,18,19,6
continued,0.13927055271180375,18,19,7
continued,0.017204806896777756,18,19,8
continued,0.21410184372553848,18,19,9
continued,0.17169776739041573,18,19,10
continued,0.12267159080376663,18,19,11
continued,0.1340587283350981,18,19,12
continued,0.037021208748336434,18,19,13
continued,-0.016292476623529423,18,19,14
continued,0.07793390642320788,18,19,15
continued,0.1444934072307998,18,19,16
continued,0.14321952016846046,18,19,17
continued,0.17574664853010863,18,19,18
continued,0.15940835251732705,18,19,19
continued,0.144478664586492,18,19,20
continued,0.10134383601996058,18,19,21
continued,0.0899674027340865,18,19,22
continued,0.1255093895915121,18,19,23
continued,0.03370494622834241,18,19,24
continued,0.045406727921733225,18,19,25
continued,0.17904597937034583,18,19,26
continued,0.17033484850585176,18,19,27
continued,0.11569991508317774,18,19,28
continued,0.09035599382649716,18,19,29
continued,0.10140101774233765,18,19,30
continued,0.028377805642934368,18,19,31
continued,0.05779849162511338,18,19,32
continued,0.16078774137621774,18,19,33
continued,0.1964299233055741,18,19,34
continued,0.17737998021580853,18,19,35
continued,0.12902336738072787,18,19,36
continued,0.1684194016887306,18,19,37
continued,0.10059333121398709,18,19,38
continued,0.2319457864317888,18,19,39
continued,0.15558602853691045,18,19,40
continued,0.13985950311463283,18,19,41
continued,0.12596980698787205,18,19,42
continued,0.09620098239898686,18,19,43
continued,0.14152294879227043,18,19,44
continued,0.24810608272048157,18,19,45
continued,0.24228508538186078,18,19,46
continued,0.059352221325053835,18,19,47
continued,0.19041932810692214,18,19,48
continued,0.07606547912188585,18,19,49
continued,0.1294223536622977,19,20,0
continued,0.06570865409396966,19,20,1
continued,0.13083053297308964,19,20,2
continued,0.1467342921073161,19,20,3
continued,0.22269272589044906,19,20,4
continued,0.10846429789025523,19,20,5
continued,0.04701311009011889,19,20,6
continued,0.032653048011245786,19,20,7
continued,0.17396076711194502,19,20,8
continued,0.1114406279683772,19,20,9
continued,0.06644708022303006,19,20,10
continued,0.044619613656671706,19,20,11
continued,0.16966972980326211,19,20,12
continued,-0.032860243801645914,19,20,13
continued,0.01588115734702599,19,20,14
continued,0.11102869636391981,19,20,15
continued,0.17449626169859944,19,20,16
continued,0.13755628420625005,19,20,17
continued,0.09951957544329161,19,20,18
continued,0.18814671013408596,19,20,19
continued,0.19876036242479772,19,20,20
continued,0.03670177402053874,19,20,21
continued,0.10895217905312775,19,20,22
continued,0.10093381318579817,19,20,23
continued,-0.07385162402566965,19,20,24
continued,0.13869758855301173,19,20,25
continued,0.09823985072916612,19,20,26
continued,0.13655015292275272,19,20,27
continued,0.16816857189450382,19,20,28
continued,0.15918595633980734,19,20,29
continued,0.19087227022962924,19,20,30
continued,0.1744549401256729,19,20,31
continued,0.0659126944883135,19,20,32
continued,0.11445616533230042,19,20,33
continued,0.009956096195203277,19,20,34
continued,0.15856680412994906,19,20,35
continued,0.21230412431235698,19,20,36
continued,0.11530079478682674,19,20,37
continued,0.2652187993147337,19,20,38
continued,0.13763992084242016,19,20,39
continued,0.15249485314552147,19,20,40
continued,0.14108165631755962,19,20,41
continued,0.007854376290882835,19,20,42
continued,0.13136129726108675,19,20,43
continued,0.10352339564574294,19,20,44
continued,0.05378266392671766,19,20,45
continued,0.04083969820464294,19,20,46
continued,0.09448542815287439,19,20,47
continued,0.07908713206530789,19,20,48
continued,0.049210837422015,19,20,49
continued,0.19694415792798903,20,21,0
continued,0.1758317408484279,20,21,1
continued,0.09785338191091082,20,21,2
continued,0.11900290885449882,20,21,3
continued,-0.003583995507463584,20,21,4
continued,0.09535947898428784,20,21,5
continued,0.13719516006979887,20,21,6
continued,0.16587749101987176,20,21,7
continued,0.10678100307281256,20,21,8
continued,0.10059680448032882,20,21,9
continued,-0.03842575177471553,20,21,10
continued,0.1269732006446103,20,21,11
continued,0.07107919534738495,20,21,12
continued,0.18364998278570716,20,21,13
continued,0.07956997912226807,20,21,14
continued,0.0434589928680555,20,21,15
continued,0.1785556975247151,20,21,16
continued,0.066728344536871,20,21,17
continued,0.11504506256993985,20,21,18
continued,0.0640183449256704,20,21,19
continued,0.15396832614674352,20,21,20
continued,0.24056904847664376,20,21,21
continued,0.1392741026631725,20,21,22
continued,-0.008395109959288877,20,21,23
continued,0.20217070435671625,20,21,24
continued,0.12351989574437085,20,21,25
continued,0.11356122969560757,20,21,26
continued,0.09586610557234426,20,21,27
continued,0.08230015145240212,20,21,28
continued,0.1755486471537564,20,21,29
continued,0.06955060496913604,20,21,30
continued,0.10898868145359908,20,21,31
continued,0.09681098667591412,20,21,32
continued,0.1827641022465577,20,21,33
continued,0.23049000841934877,20,21,34
continued,0.14234482260385378,20,21,35
continued,0.13236387723145104,20,21,36
continued,0.1737434648249356,20,21,37
continued,0.09722386120235184,20,21,38
continued,0.12120869213189744,20,21,39
continued,0.07872313488528737,20,21,40
continued,0.12560131109542272,20,21,41
continued,0.0918893663158211,20,21,42
continued,0.12305264292428955,20,21,43
continued,0.07926699569449384,20,21,44
continued,0.23836544364274598,20,21,45
continued,0.1070194031801639,20,21,46
continued,0.13465405859566532,20,21,47
continued,0.08132515315475215,20,21,48
continued,0.14291056911425465,20,21,49
continued,0.03248264972662385,21,22,0
continued,0.1967372910126421,21,22,1
continued,0.2131803306397832,21,22,2
continued,0.1447049908795613,21,22,3
continued,0.14689294298124422,21,22,4
continued,0.14817053556959103,21,22,5
continued,0.11112301281579326,21,22,6
continued,0.22849211414627574,21,22,7
continued,-0.001383267805822737,21,22,8
continued,0.17891321214608819,21,22,9
continued,0.07846572772412427,21,22,10
continued,0.02969136364965622,21,22,11
continued,0.12983200569487596,21,22,12
continued,0.14599325758650236,21,22,13
continued,0.0031136990855892667,21,22,14
continued,0.11874051514124509,21,22,15
continued,0.07722182424591628,21,22,16
continued,0.11087742931358971,21,22,17
continued,0.06572713729962955,21,22,18
continued,0.04809559858544805,21,22,19
continued,0.16630276442553418,21,22,20
continued,0.17887019350610597,21,22,21
continued,0.17883710311308548,21,22,22
continued,0.17979134174394434,21,22,23
continued,0.12553364853961985,21,22,24
continued,0.10644361034767874,21,22,25
continued,0.12910029209930396,21,22,26
continued,0.12161551856040113,21,22,27
continued,0.09201533876732282,21,22,28
continued,0.018645140984070194,21,22,29
continued,-0.06597930006815485,21,22,30
continued,0.16490717976143476,21,22,31
continued,0.043478958704758965,21,22,32
continued,0.19263056208961638,21,22,33
continued,0.26726818987682405,21,22,34
continued,0.1392384624224503,21,22,35
continued,0.18516716473090095,21,22,36
continued,0.12771342913152445,21,22,37
continued,0.14167232141478595,21,22,38
continued,0.1302603719636005,21,22,39
continued,0.24265368984320035,21,22,40
continued,0.15118858442944982,21,22,41
continued,0.12017297198318662,21,22,42
continued,0.01944970052567334,21,22,43
continued,0.16043762008400342,21,22,44
continued,0.12025876802837088,21,22,45
continued,0.13056123670317757,21,22,46
continued,0.11482682212249082,21,22,47
continued,0.0834615963164097,21,22,48
continued,0.16465975642483274,21,22,49
continued,0.09997844233222242,22,23,0
continued,0.11621589361204165,22,23,1
continued,0.07803690399148075,22,23,2
continued,0.012378945998205354,22,23,3
continued,0.17245569323760246,22,23,4
continued,0.10505693557675393,22,23,5
continued,0.0001606095127352923,22,23,6
continued,0.09999940797065837,22,23,7
continued,0.16501196606245228,22,23,8
continued,0.08129307597231905,22,23,9
continued,0.11444052049847724,22,23,10
continued,0.13426939419028125,22,23,11
continued,0.061878089843548235,22,23,12
continued,0.03811705896178668,22,23,13
continued,0.008763659071702038,22,23,14
continued,0.24847236066411568,22,23,15
continued,-0.009151446221701078,22,23,16
continued,0.004032436732038731,22,23,17
continued,0.046895662160428536,22,23,18
continued,0.04194187639909064,22,23,19
continued,0.14453348682644152,22,23,20
continued,0.11882307564069136,22,23,21
continued,0.22917236417868814,22,23,22
continued,0.1641485072200655,22,23,23
continued,0.21134884276665855,22,23,24
continued,0.10989290690881501,22,23,25
continued,0.11904328767944992,22,23,26
continued,0.06909755000245205,22,23,27
continued,0.11731645075132789,22,23,28
continued,0.07130351411899472,22,23,29
continued,0.048896524914835905,22,23,30
continued,0.15709654285242075,22,23,31
continued,0.12350990550076692,22,23,32
continued,0.19999436452899416,22,23,33
continued,0.109179952818979,22,23,34
continued,0.20216516421341785,22,23,35
continued,0.12923949445426844,22,23,36
continued,0.04692217274886002,22,23,37
continued,0.09449277763607807,22,23,38
continued,-0.03970919010265357,22,23,39
continued,0.2033750157151776,22,23,40
continued,0.14237748120945645,22,23,41
continued,0.15659193194490334,22,23,42
continued,0.10964202381275834,22,23,43
continued,0.012341566399405224,22,23,44
continued,0.04439334981754959,22,23,45
continued,0.03784977492720957,22,23,46
continued,0.05438439084995522,22,23,47
continued,0.076124738122507,22,23,48
continued,0.06245863172682625,22,23,49
continued,0.0718398448388616,23,24,0
continued,0.019015944685431434,23,24,1
continued,0.17693919014582463,23,24,2
continued,0.11365077306539316,23,24,3
continued,0.15085625525807872,23,24,4
continued,0.04795667738621232,23,24,5
continued,-0.014021956712310012,23,24,6
continued,0.07411179375940662,23,24,7
continued,0.19114605919171943,23,24,8
continued,0.10152241191577434,23,24,9
continued,0.0767961411734908,23,24,10
continued,0.14331279920399434,23,24,11
continued,0.1507837852285738,23,24,12
continued,0.0010342740110698473,23,24,13
continued,0.09405825973314792,23,24,14
continued,0.11881477997754708,23,24,15
continued,0.26036814839796113,23,24,16
continued,0.1063203870511502,23,24,17
continued,0.06009593412251639,23,24,18
continued,0.12774798145722197,23,24,19
continued,0.0790733818664357,23,24,20
continued,0.18082179758143002,23,24,21
continued,0.18196817411139976,23,24,22
continued,0.271421032968236,23,24,23
continued,0.12545709188421064,23,24,24
continued,0.10868474310133618,23,24,25
continued,0.06563109558971972,23,24,26
continued,0.036602546500645136,23,24,27
continued,0.18955967076208466,23,24,28
continued,0.13799080358538918,23,24,29
continued,0.16878192595302238,23,24,30
continued,0.14693638479819304,23,24,31
continued,0.04268617272340487,23,24,32
continued,0.12043871414569299,23,24,33
continued,0.2165293066720051,23,24,34
continued,0.17757236606561413,23,24,35
continued,0.2011218418077482,23,24,36
continued,0.18854773712959452,23,24,37
continued,0.12960774425199903,23,24,38
continued,0.12820285796261194,23,24,39
continued,0.15218889047104142,23,24,40
continued,0.11911342138523283,23,24,41
continued,0.20109266054562347,23,24,42
continued,0.1879416728564653,23,24,43
continued,0.04355378951462531,23,24,44
continued,0.08076764801228252,23,24,45
continued,0.22636655815197945,23,24,46
continued,0.16665500717819895,23,24,47
continued,0.10342169967121888,23,24,48
continued,0.07171066747245493,23,24,49
continued,0.0007922441082998627,24,25,0
continued,0.10735006085761913,24,25,1
continued,0.1614994441033344,24,25,2
continued,0.15964870968767692,24,25,3
continued,0.03768167102761586,24,25,4
continued,0.13641995743152618,24,25,5
continued,0.044573570983281366,24,25,6
continued,0.1916965237076366,24,25,7
continued,0.11794137077120402,24,25,8
continued,-0.04971850596214089,24,25,9
continued,0.14856315697480066,24,25,10
continued,0.22371769832564375,24,25,11
continued,0.18559556939500527,24,25,12
continued,0.13573295674951216,24,25,13
continued,0.09231394863971458,24,25,14
continued,0.18201788745281267,24,25,15
continued,0.15626854269874002,24,25,16
continued,0.047385558368011504,24,25,17
continued,0.14521391817295645,24,25,18
continued,0.04555434186286719,24,25,19
continued,0.11609801356147449,24,25,20
continued,0.15424879829237276,24,25,21
continued,0.01928766452220703,24,25,22
continued,0.1361276896008737,24,25,23
continued,0.06733143602294775,24,25,24
continued,0.19787361972887615,24,25,25
continued,0.04972874433512518,24,25,26
continued,0.20786963370098585,24,25,27
continued,0.16735705218345034,24,25,28
continued,0.1383010266967333,24,25,29
continued,0.1591853006683182,24,25,30
continued,0.10420189930012468,24,25,31
continued,0.13786034639977024,24,25,32
continued,0.06576882500526533,24,25,33
continued,0.11595781041067023,24,25,34
continued,0.07740564531266855,24,25,35
continued,0.13489000880319887,24,25,36
continued,0.1826579777665021,24,25,37
continued,0.11047092214469986,24,25,38
continued,-0.014093979673214753,24,25,39
continued,0.014413776543098986,24,25,40
continued,0.10048765773004646,24,25,41
continued,0.20503935689625274,24,25,42
continued,0.17511269983607441,24,25,43
continued,0.05535524548135917,24,25,44
continued,0.1106297108846705,24,25,45
continued,0.23231121586644982,24,25,46
continued,0.1365583798028486,24,25,47
continued,0.13713056238606167,24,25,48
continued,0.11380879661523005,24,25,49
continued,0.24098582272242994,25,26,0
continued,0.17133077162562324,25,26,1
continued,0.12685755684721128,25,26,2
continued,0.05025473287169886,25,26,3
continued,0.10204059315576523,25,26,4
continued,0.2903507870667895,25,26,5
continued,0.16452124921678316,25,26,6
continued,0.05657717532283888,25,26,7
continued,0.15284476561115676,25,26,8
continued,0.18009049715378866,25,26,9
continued,0.06280980241032028,25,26,10
continued,0.19809948205218472,25,26,11
continued,-0.004077007223525103,25,26,12
continued,0.11249056315606634,25,26,13
continued,0.1385007950578113,25,26,14
continued,0.15621636235772163,25,26,15
continued,0.09734650194795454,25,26,16
continued,0.08515596486512902,25,26,17
continued,0.050440696589503134,25,26,18
continued,0.1999919237703853,25,26,19
continued,0.11478923355083596,25,26,20
continued,0.08435647292562905,25,26,21
continued,0.16274091941250673,25,26,22
continued,0.13899679651245048,25,26,23
continued,0.10363093304265908,25,26,24
continued,0.06986404767867273,25,26,25
continued,0.11376411264278852,25,26,26
continued,0.19573450927256092,25,26,27
continued,0.13308093946840904,25,26,28
continued,-0.08397822140948397,25,26,29
continued,0.08090664795484315,25,26,30
continued,0.11469723874898292,25,26,31
continued,0.10608822656360412,25,26,32
continued,0.03569267022856471,25,26,33
continued,0.09877678346787205,25,26,34
continued,0.08041200616250953,25,26,35
continued,0.10430720749498369,25,26,36
continued,0.19036829461912094,25,26,37
continued,0.1556360343824299,25,26,38
continued,0.10751358376097792,25,26,39
continued,0.14589209949590534,25,26,40
continued,0.09173469530788723,25,26,41
continued,0.1255690167204918,25,26,42
continued,0.1646192552986852,25,26,43
continued,0.07884745504731741,25,26,44
continued,0.15196240746937764,25,26,45
continued,0.2630461562388459,25,26,46
continued,0.12467205447676515,25,26,47
continued,0.18516451155858785,25,26,48
continued,0.1490606035002095,25,26,49
continued,0.14831301398750676,26,27,0
continued,0.03618602457671028,26,27,1
continued,0.13807826576862034,26,27,2
continued,0.1581244246816645,26,27,3
continued,0.2234676024774964,26,27,4
continued,0.031830177190451406,26,27,5
continued,0.09589249278849435,26,27,6
continued,0.14028303540470063,26,27,7
continued,0.2053217920472098,26,27,8
continued,0.11785113667329072,26,27,9
continued,0.12286991512595892,26,27,10
continued,-0.008257968506283912,26,27,11
continued,0.03255281948567813,26,27,12
continued,0.16584458725760434,26,27,13
continued,0.16931820829459338,26,27,14
continued,0.2089251554730391,26,27,15
continued,0.08686652983751136,26,27,16
continued,0.023804727172086808,26,27,17
continued,0.05524458542187196,26,27,18
continued,0.04183056060746966,26,27,19
continued,0.14580117523480382,26,27,20
continued,0.05182964566397479,26,27,21
continued,0.07306945644572561,26,27,22
continued,0.2127244498922736,26,27,23
continued,0.16127741527967795,26,27,24
continued,0.06689409718003676,26,27,25
continued,-0.012752088099324994,26,27,26
continued,0.09905319375289699,26,27,27
continued,0.09108943809056387,26,27,28
continued,0.022036161084881007,26,27,29
continued,0.1314278304718376,26,27,30
continued,0.25216673372681175,26,27,31
continued,0.16012878187072618,26,27,32
continued,0.2012349252959332,26,27,33
continued,-0.07316121639781575,26,27,34
continued,0.12329782731218679,26,27,35
continued,0.23172301342945564,26,27,36
continued,0.06231320407059069,26,27,37
continued,0.027848285372358127,26,27,38
continued,0.11069187170293657,26,27,39
continued,0.17604856499631305,26,27,40
continued,0.13446171368973897,26,27,41
continued,0.1701620049768722,26,27,42
continued,0.0796994188821957,26,27,43
continued,0.16309523276733892,26,27,44
continued,0.171944079416819,26,27,45
continued,0.047833693275055794,26,27,46
continued,0.09621591898849081,26,27,47
continued,0.19634327688585249,26,27,48
continued,0.18184256696713882,26,27,49
continued,0.2089524026634109,27,28,0
continued,0.12433845144223679,27,28,1
continued,0.1653492992306151,27,28,2
continued,0.2071276402272778,27,28,3
continued,0.1381421013300391,27,28,4
continued,0.19766542087824576,27,28,5
continued,0.14544418829018974,27,28,6
continued,0.10290246314827742,27,28,7
continued,0.21598073138831667,27,28,8
continued,0.1401230142737299,27,28,9
continued,0.04801832125752014,27,28,10
continued,0.04386300491313921,27,28,11
continued,0.1558366272963866,27,28,12
continued,0.010502722321447736,27,28,13
continued,0.15182455407572581,27,28,14
continued,0.17022536625375947,27,28,15
continued,0.02786192223717523,27,28,16
continued,0.05935342448646683,27,28,17
continued,0.08904783935751989,27,28,18
continued,0.20982904757426685,27,28,19
continued,0.09398400516187817,27,28,20
continued,0.06466854885656578,27,28,21
continued,0.2073138526091647,27,28,22
continued,0.17008115987613054,27,28,23
continued,0.10739671902317459,27,28,24
continued,0.07035719886447157,27,28,25
continued,0.21517643322071417,27,28,26
continued,0.11074416738916433,27,28,27
continued,0.16472973084631076,27,28,28
continued,0.031207837261690855,27,28,29
continued,0.05368230373713789,27,28,30
continued,0.1356729936241064,27,28,31
continued,0.11444264966124651,27,28,32
continued,0.14864621179261425,27,28,33
continued,0.16418064651564657,27,28,34
continued,0.08239217515757538,27,28,35
continued,0.09201301502977224,27,28,36
continued,0.2544380046429124,27,28,37
continued,0.06489322989004882,27,28,38
continued,0.17454544402903713,27,28,39
continued,0.20687728394640315,27,28,40
continued,0.18371166345906395,27,28,41
continued,0.028079678585528855,27,28,42
continued,0.08483625634841818,27,28,43
continued,0.10543949295588152,27,28,44
continued,0.15153633444965334,27,28,45
continued,0.05871909183183174,27,28,46
continued,0.17105746688012033,27,28,47
continued,0.12243375333677864,27,28,48
continued,0.10564807296205435,27,28,49
continued,0.21681789887651778,28,29,0
continued,0.16899831064552037,28,29,1
continued,0.16001491376390228,28,29,2
continued,0.04053263880323887,28,29,3
continued,0.1305714950447606,28,29,4
continued,0.10488505078469777,28,29,5
continued,0.14270927933100813,28,29,6
continued,-0.012815503473428237,28,29,7
continued,0.08213992099775105,28,29,8
continued,0.19932172183438385,28,29,9
continued,0.05098596233845526,28,29,10
continued,0.18066245138589046,28,29,11
continued,0.06913341832313129,28,29,12
continued,0.17700439720010192,28,29,13
continued,0.14313051973395088,28,29,14
continued,0.10844650137925516,28,29,15
continued,0.06736404595167868,28,29,16
continued,0.08070028385907872,28,29,17
continued,0.029865129506280185,28,29,18
continued,0.0271888953453075,28,29,19
continued,0.03969990953804137,28,29,20
continued,0.050467417004159645,28,29,21
continued,-0.003403803296664547,28,29,22
continued,0.11775630701788853,28,29,23
continued,0.24082491266144415,28,29,24
continued,0.054147656993792,28,29,25
continued,0.19656589442896716,28,29,26
continued,0.21901331652768294,28,29,27
continued,0.0906879583486637,28,29,28
continued,0.036893562482359865,28,29,29
continued,0.1568862901216456,28,29,30
continued,0.1854849610154215,28,29,31
continued,0.05582256459857414,28,29,32
continued,0.12598658478823188,28,29,33
continued,0.14073387714000543,28,29,34
continued,0.0708122851644547,28,29,35
continued,0.07293780208139478,28,29,36
continued,0.08883113430720599,28,29,37
continued,0.07016732085842366,28,29,38
continued,-0.010718707322348382,28,29,39
continued,0.12193674379568774,28,29,40
continued,0.13059625866219562,28,29,41
continued,0.0658470214752613,28,29,42
continued,0.1268857299819084,28,29,43
continued,0.1687968416150535,28,29,44
continued,0.24047601994014692,28,29,45
continued,0.10595697769032987,28,29,46
continued,0.07756256407641059,28,29,47
continued,0.17090529424133136,28,29,48
continued,0.08060283824652456,28,29,49
continued,0.22396376811178692,29,30,0
continued,0.1461845767624604,29,30,1
continued,0.18905021650705636,29,30,2
continued,0.17668063182413782,29,30,3
continued,0.18851131955306422,29,30,4
continued,0.09639741941975805,29,30,5
continued,0.09282779432348194,29,30,6
continued,0.06548608390751058,29,30,7
continued,0.18683542053882193,29,30,8
continued,0.14357178433562634,29,30,9
continued,0.26106665856900335,29,30,10
continued,0.16468981636990568,29,30,11
continued,0.08713438171615398,29,30,12
continued,0.13020424783449194,29,30,13
continued,0.16430303194185483,29,30,14
continued,0.17444433918656693,29,30,15
continued,0.09392683468373672,29,30,16
continued,0.08183223209485546,29,30,17
continued,0.06720204488232859,29,30,18
continued,0.10622870707645728,29,30,19
continued,0.10390629602652726,29,30,20
continued,0.06480752018284351,29,30,21
continued,0.12694197020462078,29,30,22
continued,0.059554249843236935,29,30,23
continued,0.2206318804385354,29,30,24
continued,0.21398017865889907,29,30,25
continued,0.10019106713373763,29,30,26
continued,0.16932628581651996,29,30,27
continued,0.21411797527920876,29,30,28
continued,0.07726797069139744,29,30,29
continued,0.18240090778058562,29,30,30
continued,0.10684376660220408,29,30,31
continued,-0.03554771799266245,29,30,32
continued,0.06946817548744516,29,30,33
continued,0.1087020954729003,29,30,34
continued,0.055561209959273127,29,30,35
continued,0.1303712678083729,29,30,36
continued,0.05509715611935918,29,30,37
continued,0.1999639820731234,29,30,38
continued,0.0938568451195388,29,30,39
continued,0.200840208580222,29,30,40
continued,0.12908498929217976,29,30,41
continued,0.16332706654786408,29,30,42
continued,0.0774007050332885,29,30,43
continued,0.14969469765180618,29,30,44
continued,0.21579951781279735,29,30,45
continued,0.11790565731314367,29,30,46
continued,0.1367739416374492,29,30,47
continued,0.1704572012378891,29,30,48
continued,0.18005719934179487,29,30,49
continued,0.05993509795947084,30,31,0
continued,0.13737981109972258,30,31,1
continued,0.15843476736187417,30,31,2
continued,0.1947986202385946,30,31,3
continued,0.053522439103047596,30,31,4
continued,0.12533373788914579,30,31,5
continued,0.11881507401978433,30,31,6
continued,0.1510308384533562,30,31,7
continued,0.14492536499860262,30,31,8
continued,0.13885978580405947,30,31,9
continued,0.2311359425207397,30,31,10
continued,0.12901651427921157,30,31,11
continued,0.14435839066254352,30,31,12
continued,0.22997198064900842,30,31,13
continued,0.05177367428464546,30,31,14
continued,0.11968393211186874,30,31,15
continued,0.2999393106514573,30,31,16
continued,0.17939177403552595,30,31,17
continued,0.1760998630025778,30,31,18
continued,0.16643704697437922,30,31,19
continued,0.0760923974256259,30,31,20
continued,0.10539634883642815,30,31,21
continued,0.08894920568269007,30,31,22
continued,0.09034595789342272,30,31,23
continued,0.1073215785798459,30,31,24
continued,0.09955108815839374,30,31,25
continued,0.11110743495271765,30,31,26
continued,0.13854307043345707,30,31,27
continued,0.10287363786879476,30,31,28
continued,0.12143636236410942,30,31,29
continued,0.09118163478951931,30,31,30
continued,0.1852899769311187,30,31,31
continued,0.05136633789064292,30,31,32
continued,0.15738988125085263,30,31,33
continued,0.08812432632863912,30,31,34
continued,0.16358627872663797,30,31,35
continued,0.030907491002377392,30,31,36
continued,0.082981456778677,30,31,37
continued,0.17877761720228463,30,31,38
continued,0.016804258644907578,30,31,39
continued,0.18343778891426668,30,31,40
continued,0.1751192636089959,30,31,41
continued,0.09759616503790018,30,31,42
continued,0.23800354411654784,30,31,43
continued,0.08706136668652631,30,31,44
continued,0.24912195514955263,30,31,45
continued,0.0005315211539622754,30,31,46
continued,-0.06357066310428573,30,31,47
continued,0.08311673897316876,30,31,48
continued,0.0829572082463359,30,31,49
continued,0.05731629695097548,31,32,0
continued,0.1481939133886031,31,32,1
continued,0.20499181181836174,31,32,2
continued,0.06157839678631244,31,32,3
continued,0.16625983015761447,31,32,4
continued,0.08918564807993225,31,32,5
continued,0.04083339644934034,31,32,6
continued,0.11924889555403263,31,32,7
continued,0.1508047640565177,31,32,8
continued,0.09103718611460918,31,32,9
continued,0.1395256339800469,31,32,10
continued,0.1517838161988926,31,32,11
continued,-0.03655874576058256,31,32,12
continued,0.03733420148702123,31,32,13
continued,-0.03145978764746067,31,32,14
continued,0.1372423213206312,31,32,15
continued,0.10906502081450901,31,32,16
continued,0.20836725204765305,31,32,17
continued,0.18302708474061466,31,32,18
continued,0.1085469949212842,31,32,19
continued,0.03558979220837827,31,32,20
continued,0.06720655045824339,31,32,21
continued,0.10149752871378138,31,32,22
continued,0.1367310369745799,31,32,23
continued,0.1493521841037043,31,32,24
continued,0.06997958303673829,31,32,25
continued,0.13552456020830903,31,32,26
continued,0.17291679092223344,31,32,27
continued,0.15863285467159477,31,32,28
continued,0.1507787088919208,31,32,29
continued,0.16128759352982996,31,32,30
continued,0.13474597027884685,31,32,31
continued,0.0519638737725252,31,32,32
continued,0.16527959116736438,31,32,33
continued,0.10466497765046144,31,32,34
continued,0.02138868449130584,31,32,35
continued,0.18916332923533205,31,32,36
continued,0.15038401400253837,31,32,37
continued,0.12756179976735443,31,32,38
continued,0.07842038756240402,31,32,39
continued,0.10950639323637087,31,32,40
continued,0.07223698549201958,31,32,41
continued,0.11845876065316062,31,32,42
continued,0.09393225964492714,31,32,43
continued,-0.012367922931516074,31,32,44
continued,0.07698078229329662,31,32,45
continued,0.07083406134801698,31,32,46
continued,0.0743544834639437,31,32,47
continued,0.18292200186470484,31,32,48
continued,0.14827160193656874,31,32,49
continued,0.11233318241783395,32,33,0
continued,0.28187883486862525,32,33,1
continued,0.12151399745839951,32,33,2
continued,0.10508167753342586,32,33,3
continued,0.11294256668674338,32,33,4
continued,0.12823955362147962,32,33,5
continued,0.1846400581233773,32,33,6
continued,0.10705827422009356,32,33,7
continued,0.14682050318705303,32,33,8
continued,0.2277059671680313,32,33,9
continued,-0.0030990673169052872,32,33,10
continued,0.0028516975862916925,32,33,11
continued,0.06810558467863186,32,33,12
continued,0.04928712019332586,32,33,13
continued,0.09982215052283079,32,33,14
continued,0.13087649132271253,32,33,15
continued,0.034620511317134256,32,33,16
continued,0.14169448956776612,32,33,17
continued,0.16761501651639937,32,33,18
continued,0.1339652423462394,32,33,19
continued,0.09164431983473893,32,33,20
continued,0.10301316052105038,32,33,21
continued,0.16040475726410258,32,33,22
continued,0.15849478421179086,32,33,23
continued,0.017842250037726513,32,33,24
continued,0.06900234236917543,32,33,25
continued,0.07897014706688164,32,33,26
continued,0.20444631750819287,32,33,27
continued,0.14774759192719708,32,33,28
continued,0.08182012475747702,32,33,29
continued,0.15381151521557115,32,33,30
continued,0.0073098941525179045,32,33,31
continued,0.13004194422293483,32,33,32
continued,0.10149860582388315,32,33,33
continued,0.15459471723952425,32,33,34
continued,0.21688215799307858,32,33,35
continued,0.133134726160585,32,33,36
continued,0.14511856804273918,32,33,37
continued,0.04554616372599474,32,33,38
continued,0.12470263852760727,32,33,39
continued,0.2901598386008689,32,33,40
continued,0.02167645111387503,32,33,41
continued,0.08683734237253021,32,33,42
continued,0.1349944786914158,32,33,43
continued,0.1108583081011101,32,33,44
continued,0.15789895761804087,32,33,45
continued,0.07288903238883414,32,33,46
continued,0.05473828980214172,32,33,47
continued,0.1049245545199679,32,33,48
continued,0.029800500550322167,32,33,49
continued,0.10744818333795964,33,34,0
continued,0.15918662123364602,33,34,1
continued,0.08125528552620859,33,34,2
continued,0.02122358220532602,33,34,3
continued,0.1700298914367956,33,34,4
continued,0.13260362037743265,33,34,5
continued,0.1482552342625446,33,34,6
continued,0.06398737986109163,33,34,7
continued,0.1049701874413855,33,34,8
continued,0.1379174828925802,33,34,9
continued,0.09839200602095056,33,34,10
continued,0.17177746987506604,33,34,11
continued,0.09603324098770175,33,34,12
continued,0.09240971486808215,33,34,13
continued,0.07133808317924803,33,34,14
continued,0.051823296242046055,33,34,15
continued,0.09244883714800496,33,34,16
continued,0.13962693303925094,33,34,17
continued,0.06329086811268556,33,34,18
continued,0.19133744378522757,33,34,19
continued,0.04844953629196652,33,34,20
continued,0.08327096157828544,33,34,21
continued,0.05079292281571202,33,34,22
continued,-0.07117345666125371,33,34,23
continued,0.07402806237644659,33,34,24
continued,0.1884039634268183,33,34,25
continued,0.043071493169252,33,34,26
continued,0.19623256159645017,33,34,27
continued,0.035429471220157265,33,34,28
continued,0.21867124271116198,33,34,29
continued,0.1543797003919781,33,34,30
continued,0.2047867678153239,33,34,31
continued,0.10543506013104417,33,34,32
continued,0.10062304147898343,33,34,33
continued,0.19574918419722065,33,34,34
continued,0.1463475045824013,33,34,35
continued,0.2445836876013217,33,34,36
continued,0.022123710849161312,33,34,37
continued,0.1370150193237238,33,34,38
continued,0.056504209387423274,33,34,39
continued,0.2011917660398139,33,34,40
continued,-0.0066596635547030245,33,34,41
continued,0.20873896493064117,33,34,42
continued,0.028223642507306315,33,34,43
continued,0.13627639067658198,33,34,44
continued,0.03438066507501536,33,34,45
continued,0.09012718618862943,33,34,46
continued,0.20394092589085164,33,34,47
continued,0.11008082465826668,33,34,48
continued,0.14608698340431242,33,34,49
continued,0.0010206926113279441,34,35,0
continued,0.04370535034973008,34,35,1
continued,0.09831443968378728,34,35,2
continued,0.04236509763326832,34,35,3
continued,0.12963540393626333,34,35,4
continued,0.05643281563338858,34,35,5
continued,0.059670610867671295,34,35,6
continued,0.02202331732763748,34,35,7
continued,0.08372509127552996,34,35,8
continued,0.09451176907468867,34,35,9
continued,-0.00799386559398984,34,35,10
continued,0.08525986182116534,34,35,11
continued,0.14782065319079954,34,35,12
continued,0.09233718977229505,34,35,13
continued,0.14913412959873043,34,35,14
continued,0.020923982885147404,34,35,15
continued,0.1143355907249581,34,35,16
continued,0.10027903763439014,34,35,17
continued,0.11014344117667914,34,35,18
continued,0.04860265975153592,34,35,19
continued,0.05710690463519668,34,35,20
continued,-0.014288994427701318,34,35,21
continued,0.12432825100178675,34,35,22
continued,0.10920426603292972,34,35,23
continued,-0.018513672087436404,34,35,24
continued,0.17849612019793512,34,35,25
continued,0.08660019649734262,34,35,26
continued,0.1254610258504626,34,35,27
continued,0.18071604382747097,34,35,28
continued,0.14885745186004154,34,35,29
continued,0.04327612259429117,34,35,30
continued,0.15051190556367333,34,35,31
continued,0.16812035022042657,34,35,32
continued,0.1292568299200146,34,35,33
continued,0.1089073699748259,34,35,34
continued,0.050585684971557444,34,35,35
continued,0.200836353352312,34,35,36
continued,0.020415033541241304,34,35,37
continued,0.22822879272967742,34,35,38
continued,0.1100247501681227,34,35,39
continued,0.0005685748231650255,34,35,40
continued,0.11953881446431085,34,35,41
continued,0.16256130051062567,34,35,42
continued,0.17455765395724693,34,35,43
continued,0.09352730349109767,34,35,44
continued,0.07890255745300932,34,35,45
continued,0.09827705688052067,34,35,46
continued,0.17361950722162028,34,35,47
continued,0.1479664380706021,34,35,48
continued,0.13308070798804839,34,35,49
continued,0.08249058331388186,35,36,0
continued,0.07415843931516933,35,36,1
continued,0.14668204444910052,35,36,2
continued,0.05986635258719385,35,36,3
continued,0.10886529793507545,35,36,4
continued,0.10752049776833048,35,36,5
continued,-0.045577098499075604,35,36,6
continued,0.08023865637513912,35,36,7
continued,0.06681967284339287,35,36,8
continued,0.07513044016140694,35,36,9
continued,0.14485973203318606,35,36,10
continued,0.10963642916979682,35,36,11
continued,0.08362720636175677,35,36,12
continued,0.09986158658667293,35,36,13
continued,0.09357379090243832,35,36,14
continued,0.17846108141638078,35,36,15
continued,0.14663580548531246,35,36,16
continued,0.16821468903065215,35,36,17
continued,0.1216044492241902,35,36,18
continued,0.08017419717948546,35,36,19
continued,0.05561554049262954,35,36,20
continued,0.2202666385110159,35,36,21
continued,0.0648640015696544,35,36,22
continued,-0.02416638651110676,35,36,23
continued,0.15115474245863286,35,36,24
continued,0.04752142067464449,35,36,25
continued,0.1759260770608113,35,36,26
continued,0.06374605291184662,35,36,27
continued,0.09263473767553049,35,36,28
continued,0.06054236540801258,35,36,29
continued,0.10998131844582962,35,36,30
continued,0.14246042759689423,35,36,31
continued,0.13129142126566945,35,36,32
continued,0.10793976955457966,35,36,33
continued,0.14301174310970818,35,36,34
continued,0.11162204629455601,35,36,35
continued,0.2145098317958861,35,36,36
continued,0.19915214182160293,35,36,37
continued,0.0147880768365398,35,36,38
continued,0.10941361989493338,35,36,39
continued,0.1574494271688009,35,36,40
continued,0.09997354232677302,35,36,41
continued,0.06366414478446968,35,36,42
continued,0.1631924001674917,35,36,43
continued,0.18874961283040415,35,36,44
continued,0.09623350898180207,35,36,45
continued,0.09536086416403469,35,36,46
continued,0.09392306764094788,35,36,47
continued,-0.026978376380305015,35,36,48
continued,0.0996204081377364,35,36,49
continued,0.022130488805316133,36,37,0
continued,0.09181192272730958,36,37,1
continued,0.17782394117084063,36,37,2
continued,0.11641386829129233,36,37,3
continued,0.1216519971959556,36,37,4
continued,0.058325208731610866,36,37,5
continued,-0.009134939094630222,36,37,6
continued,0.1438848307868154,36,37,7
continued,0.14159062870008848,36,37,8
continued,0.06090013150572204,36,37,9
continued,0.05379629322476242,36,37,10
continued,0.07202926049033714,36,37,11
continued,0.06731964957091349,36,37,12
continued,0.08803678736947701,36,37,13
continued,0.029498383365604862,36,37,14
continued,0.15143806238433397,36,37,15
continued,0.05591940333886672,36,37,16
continued,0.2118621273306432,36,37,17
continued,0.04777152941556484,36,37,18
continued,0.14632359133428652,36,37,19
continued,0.12452864979740866,36,37,20
continued,0.1550026037764206,36,37,21
continued,0.10631653559415125,36,37,22
continued,0.036290675472573815,36,37,23
continued,0.07317535888051668,36,37,24
continued,0.12069114408749565,36,37,25
continued,0.0955149128617262,36,37,26
continued,0.15188174770031773,36,37,27
continued,0.10140189106844885,36,37,28
continued,0.1345366236367686,36,37,29
continued,0.13181158766230588,36,37,30
continued,0.03501170466356257,36,37,31
continued,0.19835784422247094,36,37,32
continued,0.1245191527522573,36,37,33
continued,0.2244617604688673,36,37,34
continued,0.10745928648516262,36,37,35
continued,0.09610162667885915,36,37,36
continued,0.13002352930621888,36,37,37
continued,0.10923083674706817,36,37,38
continued,0.07513280413847392,36,37,39
continued,0.09147393504816645,36,37,40
continued,0.11222067276046926,36,37,41
continued,0.16787041724558804,36,37,42
continued,0.10933925730694416,36,37,43
continued,0.11786467195529367,36,37,44
continued,0.13075590524370884,36,37,45
continued,0.08967833467281441,36,37,46
continued,0.06424078110129319,36,37,47
continued,0.12169796143935273,36,37,48
continued,0.1572259757194573,36,37,49
continued,0.21044535379752122,37,38,0
continued,0.13698573310210016,37,38,1
continued,0.15310974135363006,37,38,2
continued,0.11962219266576785,37,38,3
continued,0.05325468499927039,37,38,4
continued,0.11928154610919751,37,38,5
continued,0.10861665946592368,37,38,6
continued,0.09851092831810336,37,38,7
continued,0.09932754625259785,37,38,8
continued,0.09456698365921196,37,38,9
continued,0.043399609663978274,37,38,10
continued,0.054857437828305024,37,38,11
continued,0.12371804685930424,37,38,12
continued,0.12093486522411363,37,38,13
continued,0.1754374467526483,37,38,14
continued,0.2037869106337623,37,38,15
continued,0.2018843150274082,37,38,16
continued,0.055595347422701766,37,38,17
continued,0.11957152580548115,37,38,18
continued,0.054621319134594976,37,38,19
continued,0.10189965730807467,37,38,20
continued,0.12160121383081636,37,38,21
continued,0.05474501087299459,37,38,22
continued,0.14022594559520576,37,38,23
continued,0.04098382329350253,37,38,24
continued,0.14422315086568263,37,38,25
continued,0.07297336732560873,37,38,26
continued,0.20295289899898564,37,38,27
continued,0.0671472246948626,37,38,28
continued,0.20774315962379236,37,38,29
continued,0.11762370930808619,37,38,30
continued,0.17112067388260946,37,38,31
continued,0.06949046250291878,37,38,32
continued,0.22263279145299364,37,38,33
continued,0.05712006123921056,37,38,34
continued,0.04524951218549464,37,38,35
continued,0.04781083960989316,37,38,36
continued,0.17669062964279317,37,38,37
continued,0.22331825852966714,37,38,38
continued,0.07739660036840376,37,38,39
continued,0.12909879632002397,37,38,40
continued,0.16695329129787473,37,38,41
continued,0.17610361291901414,37,38,42
continued,0.036950116457663405,37,38,43
continued,0.1985152960890251,37,38,44
continued,0.11699702117302277,37,38,45
continued,0.11786297067459432,37,38,46
continued,0.10169701741598429,37,38,47
continued,0.16323527604954086,37,38,48
continued,0.08252787204639425,37,38,49
continued,0.05219272519097507,38,39,0
continued,0.1264743651234307,38,39,1
continued,0.08771959913109728,38,39,2
continued,0.11267025090665587,38,39,3
continued,0.18419183598896843,38,39,4
continued,0.11762643985642324,38,39,5
continued,0.16498035616439288,38,39,6
continued,0.06041487550034656,38,39,7
continued,0.1698215266006931,38,39,8
continued,0.11151485724445165,38,39,9
continued,0.17319024580400652,38,39,10
continued,0.09517030152992154,38,39,11
continued,0.1430001755451346,38,39,12
continued,0.07719904556418884,38,39,13
continued,0.23081191728169367,38,39,14
continued,0.0789860679997881,38,39,15
continued,0.18764270837207195,38,39,16
continued,-0.05006842185000498,38,39,17
continued,0.09714365699960792,38,39,18
continued,0.12047470402319174,38,39,19
continued,0.15108649450400663,38,39,20
continued,0.131615722061121,38,39,21
continued,0.1929238421307196,38,39,22
continued,0.0976343048674875,38,39,23
continued,0.08898272135162555,38,39,24
continued,0.12853398354699616,38,39,25
continued,0.15233958421632707,38,39,26
continued,0.07438520851415913,38,39,27
continued,0.12842600487595357,38,39,28
continued,0.29721601012921717,38,39,29
continued,0.07456936830318296,38,39,30
continued,0.08147351376651889,38,39,31
continued,0.26949757779788697,38,39,32
continued,0.07621907389861748,38,39,33
continued,0.08197509775479436,38,39,34
continued,0.21841518573934138,38,39,35
continued,0.034737144426012154,38,39,36
continued,0.048286776348885334,38,39,37
continued,0.07409843817325235,38,39,38
continued,0.07301458406239214,38,39,39
continued,0.18950430605466867,38,39,40
continued,-0.022883856883728626,38,39,41
continued,0.0946491606266616,38,39,42
continued,0.2072689134827014,38,39,43
continued,0.1852395435089914,38,39,44
continued,0.07236559290395075,38,39,45
continued,0.17905354876695623,38,39,46
continued,0.06863164304072635,38,39,47
continued,0.18113210442003666,38,39,48
continued,0.0894157339394305,38,39,49
continued,0.13652079855948523,39,40,0
continued,0.242985813389778,39,40,1
continued,0.13364458049340444,39,40,2
continued,0.12798650708977347,39,40,3
continued,0.14695357938590012,39,40,4
continued,0.16446393247693628,39,40,5
continued,0.07846302806328107,39,40,6
continued,0.08581891934065405,39,40,7
continued,0.09449315603984075,39,40,8
continued,0.11352484327754109,39,40,9
continued,0.07038078864154498,39,40,10
continued,0.0857663510487127,39,40,11
continued,0.08820192146396832,39,40,12
continued,0.05861400814135761,39,40,13
continued,0.08006091040907913,39,40,14
continued,0.06091523063395825,39,40,15
continued,0.18040700863125708,39,40,16
continued,0.17492480234921126,39,40,17
continued,0.2801777406907967,39,40,18
continued,0.16133180188463872,39,40,19
continued,0.14031861613814348,39,40,20
continued,0.023908432175169678,39,40,21
continued,0.033062967990880744,39,40,22
continued,0.07295271358536258,39,40,23
continued,0.19951244887755726,39,40,24
continued,0.18260388539873235,39,40,25
continued,0.16350506370602547,39,40,26
continued,0.23149792203552752,39,40,27
continued,0.09451582213466155,39,40,28
continued,0.20366093042431085,39,40,29
continued,0.1641705715624323,39,40,30
continued,0.14665963055356807,39,40,31
continued,0.1480539195855798,39,40,32
continued,0.18810782214879557,39,40,33
continued,0.0692621306480003,39,40,34
continued,0.11319757039109037,39,40,35
continued,0.11691836335430737,39,40,36
continued,0.11166177993935857,39,40,37
continued,0.03728335823225269,39,40,38
continued,0.11842322287968407,39,40,39
continued,0.029278686931173692,39,40,40
continued,0.12583043813120073,39,40,41
continued,0.10052449693741959,39,40,42
continued,0.03101429606734962,39,40,43
continued,0.08863226756274689,39,40,44
continued,0.11289193589253674,39,40,45
continued,0.11661343001552751,39,40,46
continued,0.11648406268966187,39,40,47
continued,0.1191007973005481,39,40,48
continued,0.11033111011929618,39,40,49
continued,0.12598840158162145,40,41,0
continued,0.19764448770767407,40,41,1
continued,0.18170510329401207,40,41,2
continued,0.03772596963669138,40,41,3
continued,0.07327587972798756,40,41,4
continued,0.11511581194524338,40,41,5
continued,0.13845165127676515,40,41,6
continued,0.22480734588430326,40,41,7
continued,0.22355221318103458,40,41,8
continued,0.14911488432515407,40,41,9
continued,0.18530177859540306,40,41,10
continued,0.11486178691526902,40,41,11
continued,0.20103705171227357,40,41,12
continued,0.20231870392133441,40,41,13
continued,0.1670383103944145,40,41,14
continued,0.12063184686360816,40,41,15
continued,0.0486947849658315,40,41,16
continued,0.16597315009063657,40,41,17
continued,0.23576252702194392,40,41,18
continued,0.15098411069787562,40,41,19
continued,0.14786372041072374,40,41,20
continued,0.0244151040134194,40,41,21
continued,0.2318632089394762,40,41,22
continued,0.11129415994689329,40,41,23
continued,0.05408029101131252,40,41,24
continued,0.05175098297170223,40,41,25
continued,0.2154870787396518,40,41,26
continued,0.1901797935557788,40,41,27
continued,0.15453880100979406,40,41,28
continued,0.18105763021437793,40,41,29
continued,0.12011685061425054,40,41,30
continued,0.25507579836028166,40,41,31
continued,0.14347513167874112,40,41,32
continued,0.22354768874422992,40,41,33
continued,0.08464970246873235,40,41,34
continued,0.07093514185087503,40,41,35
continued,0.17421510684886674,40,41,36
continued,0.12447380258072789,40,41,37
continued,0.08255577077267445,40,41,38
continued,0.1716356537435778,40,41,39
continued,-0.037809272873763115,40,41,40
continued,0.07388806559152704,40,41,41
continued,0.14456486438777164,40,41,42
continued,0.09739316832822587,40,41,43
continued,0.07005439880972004,40,41,44
continued,0.06519204960823205,40,41,45
continued,0.0663858779048657,40,41,46
continued,0.11865875411222201,40,41,47
continued,0.262514849472949,40,41,48
continued,0.10867344238214302,40,41,49
continued,0.12030971857582097,41,42,0
continued,0.12048957965399242,41,42,1
continued,0.13661032201763618,41,42,2
continued,0.10217332636564848,41,42,3
continued,0.14715624082800194,41,42,4
continued,0.11690872672454874,41,42,5
continued,-0.011378894032605136,41,42,6
continued,0.10920046114713693,41,42,7
continued,0.014044027991202605,41,42,8
continued,0.18612960891346733,41,42,9
continued,0.10872144495777443,41,42,10
continued,0.1093087123092668,41,42,11
continued,0.16411473577084534,41,42,12
continued,0.23632400157318545,41,42,13
continued,0.10308172288232297,41,42,14
continued,0.14076696591974214,41,42,15
continued,0.041474785416213834,41,42,16
continued,0.16656065037693404,41,42,17
continued,0.08656433176909509,41,42,18
continued,0.09926657876042294,41,42,19
continued,0.06134927021827737,41,42,20
continued,0.07380433272251612,41,42,21
continued,0.06993263281164136,41,42,22
continued,0.12990102296864864,41,42,23
continued,0.07149454795014627,41,42,24
continued,0.04815084433698146,41,42,25
continued,0.06967362838729833,41,42,26
continued,0.1568984671106246,41,42,27
continued,0.10311768642460248,41,42,28
continued,0.08459856283183353,41,42,29
continued,0.15462564058805198,41,42,30
continued,0.19899090115291435,41,42,31
continued,0.08682751920227479,41,42,32
continued,0.07304239377985405,41,42,33
continued,-0.050862261175510216,41,42,34
continued,0.06252716366585379,41,42,35
continued,0.08965741235704137,41,42,36
continued,0.20855539964704634,41,42,37
continued,0.018041005051777484,41,42,38
continued,0.0750828725588512,41,42,39
continued,0.13886606428303466,41,42,40
continued,0.12477153419876702,41,42,41
continued,0.1900071995991043,41,42,42
continued,0.08809830158899311,41,42,43
continued,0.011836992495311775,41,42,44
continued,0.10385229868942768,41,42,45
continued,0.11331553647609588,41,42,46
continued,0.15250978764958456,41,42,47
continued,0.12092497940571678,41,42,48
continued,0.18636571651681924,41,42,49
continued,0.032821480941782874,42,43,0
continued,0.15651385792437178,42,43,1
continued,0.11322419203162606,42,43,2
continued,0.1633064090618005,42,43,3
continued,0.1451732950191299,42,43,4
continued,0.13589697185327043,42,43,5
continued,0.01509888010161216,42,43,6
continued,0.06157316751891892,42,43,7
continued,0.14183529866793973,42,43,8
continued,0.04689172532057246,42,43,9
continued,0.184374524840218,42,43,10
continued,0.13380984385690456,42,43,11
continued,0.25551865396547835,42,43,12
continued,0.10447196341360158,42,43,13
continued,0.1347232442491389,42,43,14
continued,0.08658619386310974,42,43,15
continued,0.05263024346985218,42,43,16
continued,0.09929743020048372,42,43,17
continued,0.1702796631868539,42,43,18
continued,0.12502622912955008,42,43,19
continued,0.12704122295124307,42,43,20
continued,0.11251084593170187,42,43,21
continued,0.11940979129509004,42,43,22
continued,0.059448610260904,42,43,23
continued,0.17895684372589052,42,43,24
continued,0.09881032690844588,42,43,25
continued,0.06914998622400063,42,43,26
continued,0.1631866334913101,42,43,27
continued,0.015866227586152543,42,43,28
continued,0.10023711540884875,42,43,29
continued,0.0928650521289824,42,43,30
continued,0.13924471762974072,42,43,31
continued,0.18165952117459275,42,43,32
continued,0.13691846989875872,42,43,33
continued,0.10533326195963029,42,43,34
continued,0.2191902495270001,42,43,35
continued,0.17022208368182412,42,43,36
continued,0.1430894063438687,42,43,37
continued,0.12799491197833737,42,43,38
continued,0.0961397570859706,42,43,39
continued,0.1621830095288871,42,43,40
continued,0.10419318882985291,42,43,41
continued,0.12557358656841144,42,43,42
continued,0.18885942297479294,42,43,43
continued,0.042111694760089226,42,43,44
continued,0.08293050030535198,42,43,45
continued,0.05519963760295573,42,43,46
continued,0.2455817603292678,42,43,47
continued,0.0246123938945979,42,43,48
continued,0.08649057629639101,42,43,49
continued,0.11509588693590213,43,44,0
continued,0.12129152514045764,43,44,1
continued,0.033583720102308326,43,44,2
continued,0.1523442924304517,43,44,3
continued,-0.012420619154951339,43,44,4
continued,0.20182616010140747,43,44,5
continued,0.0029324796558156735,43,44,6
continued,0.24437131912492538,43,44,7
continued,0.04392572981847391,43,44,8
continued,0.12726642562301968,43,44,9
continued,0.14416462181722844,43,44,10
continued,0.13828522993641817,43,44,11
continued,0.059107976736282625,43,44,12
continued,0.07854646411892685,43,44,13
continued,0.07784908458174992,43,44,14
continued,0.08863542307819003,43,44,15
continued,0.030876596550577243,43,44,16
continued,0.03391685025969001,43,44,17
continued,0.1162083002664735,43,44,18
continued,0.14985248683640293,43,44,19
continued,0.0749988973362677,43,44,20
continued,0.13552203985043038,43,44,21
continued,0.17599102750957327,43,44,22
continued,0.2171646282225212,43,44,23
continued,0.11159803345592109,43,44,24
continued,0.06004482461713167,43,44,25
continued,0.10630512545609107,43,44,26
continued,0.10074622831692272,43,44,27
continued,0.08892523906786191,43,44,28
continued,0.037736651264091904,43,44,29
continued,0.10808405941302238,43,44,30
continued,0.13369762726786286,43,44,31
continued,0.09092349774069297,43,44,32
continued,0.012854566444697041,43,44,33
continued,0.17746228160236005,43,44,34
continued,0.1612865499813791,43,44,35
continued,0.1517868665360036,43,44,36
continued,0.18855459684338008,43,44,37
continued,0.15881561499947328,43,44,38
continued,0.1758043224792341,43,44,39
continued,0.1302463725721336,43,44,40
continued,-0.07080326469300369,43,44,41
continued,0.07902062424120462,43,44,42
continued,0.09258710221082386,43,44,43
continued,0.15666996941514635,43,44,44
continued,0.1339904935384638,43,44,45
continued,0.15485928613013525,43,44,46
continued,0.05830910509412354,43,44,47
continued,0.06959420361754162,43,44,48
continued,0.1201228543757174,43,44,49
continued,0.1323406428858089,44,45,0
continued,0.1899019356496995,44,45,1
continued,0.06891588491368629,44,45,2
continued,0.11971089117205776,44,45,3
continued,0.19834388385795587,44,45,4
continued,0.025963185092002437,44,45,5
continued,0.09994729403468194,44,45,6
continued,0.05647122265453498,44,45,7
continued,0.0689961888701941,44,45,8
continued,0.17465549610680456,44,45,9
continued,-0.03672269579811987,44,45,10
continued,0.1853049631990918,44,45,11
continued,0.14536928765416043,44,45,12
continued,0.19242479657506067,44,45,13
continued,0.05423640820183512,44,45,14
continued,-0.012416003412499309,44,45,15
continued,0.1363804761648226,44,45,16
continued,0.0005732721762259953,44,45,17
continued,0.07968183878404884,44,45,18
continued,0.14291442050291278,44,45,19
continued,0.20290246838005052,44,45,20
continued,0.11128461983126602,44,45,21
continued,0.06835610874396184,44,45,22
continued,0.11536141641129558,44,45,23
continued,0.144328658871414,44,45,24
continued,0.14684889269547843,44,45,25
continued,0.15070799691466935,44,45,26
continued,0.20558239768803097,44,45,27
continued,0.1463077422419617,44,45,28
continued,0.15530413330424722,44,45,29
continued,0.09478755157664599,44,45,30
continued,0.1449384695154582,44,45,31
continued,0.19232706583550457,44,45,32
continued,0.09372151365840445,44,45,33
continued,0.18864193807590457,44,45,34
continued,0.12108619280214147,44,45,35
continued,0.12965374481732125,44,45,36
continued,0.1473672772487522,44,45,37
continued,0.027910838304070852,44,45,38
continued,0.16445532543746083,44,45,39
continued,0.14851184640468698,44,45,40
continued,0.12143798266193839,44,45,41
continued,0.08672204601358587,44,45,42
continued,0.21613283551603182,44,45,43
continued,0.15868022893713055,44,45,44
continued,0.053612173001421716,44,45,45
continued,0.05075410055244097,44,45,46
continued,0.1561912485024102,44,45,47
continued,-0.029220735295100667,44,45,48
continued,0.14661413694409256,44,45,49
