topic,timepoint1,timepoint2,similarity
0,0,1,0.994267928239244
0,1,2,0.9929844267903557
0,2,3,0.9886004988834282
0,3,4,0.9961316400940694
0,4,5,0.9978099715558957
0,5,6,0.9988704980853799
0,6,7,0.9973909499942829
0,7,8,0.9979147801162007
0,8,9,0.9977000292779351
0,9,10,0.9978359854011472
0,10,11,0.9991379754395934
0,11,12,0.9974468783680531
0,12,13,0.9991769115072193
0,13,14,0.9987164082299063
0,14,15,0.989927783590503
0,15,16,0.9883350224394009
0,16,17,0.9976123875272483
0,17,18,0.9945822714047304
0,18,19,0.9973764469566611
0,19,20,0.9985233092011176
0,20,21,0.9986590899048089
0,21,22,0.9964660417576205
0,22,23,0.9874919756806159
0,23,24,0.9952236951112928
0,24,25,0.9972773720983674
0,25,26,0.9983113162603265
0,26,27,0.9842819294158242
0,27,28,0.9745447466051568
0,28,29,0.9972181653387517
0,29,30,0.9917978041046932
0,30,31,0.9961687985290331
0,31,32,0.9861774366126241
0,32,33,0.9947025787830803
0,33,34,0.9899848816662562
0,34,35,0.9955571733981945
0,35,36,0.9809388054689843
0,36,37,0.9949988251450591
0,37,38,0.9845574887432841
0,38,39,0.9633665641583996
0,39,40,0.9377602642868448
0,40,41,0.9977426713922077
0,41,42,0.9991599321123789
0,42,43,0.9954760847856327
0,43,44,0.9961771282885266
0,44,45,0.9973260252765814
1,0,1,0.9829032652209326
1,1,2,0.991122925855275
1,2,3,0.9990892951502615
1,3,4,0.9918057998258765
1,4,5,0.9939790768419977
1,5,6,0.9951790527835164
1,6,7,0.9973360186581968
1,7,8,0.9970130416826467
1,8,9,0.9968273533470889
1,9,10,0.9927539531326728
1,10,11,0.9980131066636325
1,11,12,0.9974369176408033
1,12,13,0.9970278745381234
1,13,14,0.9915769374559352
1,14,15,0.9979738566983183
1,15,16,0.9977610180219665
1,16,17,0.9974083293216933
1,17,18,0.9943446544054442
1,18,19,0.9974806975145919
1,19,20,0.998685084215421
1,20,21,0.998102118733936
1,21,22,0.996131796012388
1,22,23,0.9939550532054967
1,23,24,0.9905902685405289
1,24,25,0.996754413731223
1,25,26,0.9975668490347213
1,26,27,0.9859792933693541
1,27,28,0.9876626764891137
1,28,29,0.9984371799032797
1,29,30,0.9943610528722809
1,30,31,0.9940827038109734
1,31,32,0.9877886731531645
1,32,33,0.9975755980698607
1,33,34,0.9972926264904812
1,34,35,0.9963247361004526
1,35,36,0.9973929346996699
1,36,37,0.9866231243814683
1,37,38,0.9943727008830265
1,38,39,0.987478708528062
1,39,40,0.973413905989613
1,40,41,0.9947694853358916
1,41,42,0.9938634855253637
1,42,43,0.9979374695013539
1,43,44,0.9951156702233774
1,44,45,0.9954534975084384
2,0,1,0.9972746148684074
2,1,2,0.9966100047018618
2,2,3,0.9987323141746509
2,3,4,0.9973274481967989
2,4,5,0.9978010158374107
2,5,6,0.9977294492176526
2,6,7,0.9971230345793874
2,7,8,0.9989118471658245
2,8,9,0.9961134440429915
2,9,10,0.9991593156682115
2,10,11,0.9994375780756077
2,11,12,0.9916963980850267
2,12,13,0.9941008932221911
2,13,14,0.9957390206998135
2,14,15,0.9964189220291819
2,15,16,0.9981382075441257
2,16,17,0.9966558066407881
2,17,18,0.9981169216497505
2,18,19,0.9994693925634779
2,19,20,0.9983369189107014
2,20,21,0.9954795687557416
2,21,22,0.9994365804512484
2,22,23,0.9980302948721552
2,23,24,0.9994987530704535
2,24,25,0.997247119849609
2,25,26,0.9958829639103705
2,26,27,0.9765650747255683
2,27,28,0.9804276358604034
2,28,29,0.9990713350738557
2,29,30,0.9989418859854443
2,30,31,0.9961402516590744
2,31,32,0.9927145310434077
2,32,33,0.9912927043652506
2,33,34,0.9907024092953608
2,34,35,0.9923942394364939
2,35,36,0.9930923588976338
2,36,37,0.9939114575893592
2,37,38,0.9971361742852743
2,38,39,0.9970549374609723
2,39,40,0.9915743449784112
2,40,41,0.998541114751426
2,41,42,0.9951093083565055
2,42,43,0.9949008239030398
2,43,44,0.996994211819037
2,44,45,0.9972000496155944
3,0,1,0.9834749921114163
3,1,2,0.9753013829934036
3,2,3,0.9956581561331713
3,3,4,0.9969871559268001
3,4,5,0.9951430201865277
3,5,6,0.9972417708496977
3,6,7,0.996125555129842
3,7,8,0.9979108770142817
3,8,9,0.9985605032995462
3,9,10,0.9993919060246088
3,10,11,0.9980888124327952
3,11,12,0.9995928083737992
3,12,13,0.9974663402052643
3,13,14,0.9977645022626983
3,14,15,0.9967424831162395
3,15,16,0.9965615091159014
3,16,17,0.9979854338287741
3,17,18,0.9954925087230464
3,18,19,0.994169691997235
3,19,20,0.9980172351852393
3,20,21,0.9918271376812791
3,21,22,0.9947014342516929
3,22,23,0.9991045395244624
3,23,24,0.9904786845382322
3,24,25,0.9970503880263372
3,25,26,0.9955012582137814
3,26,27,0.9795413334067877
3,27,28,0.9683179674094278
3,28,29,0.9913073147216472
3,29,30,0.9982842409794164
3,30,31,0.9696654302588976
3,31,32,0.989324257882044
3,32,33,0.9907443596531239
3,33,34,0.9900876987927671
3,34,35,0.99399595969215
3,35,36,0.9954868819719972
3,36,37,0.9821640573203275
3,37,38,0.9975469911419698
3,38,39,0.9958642885693109
3,39,40,0.995531194978329
3,40,41,0.996887364800954
3,41,42,0.9978706797869306
3,42,43,0.9889841803790086
3,43,44,0.9981234384836516
3,44,45,0.9941968025632513
4,0,1,0.9977445018372688
4,1,2,0.9897628410716541
4,2,3,0.9986382796684856
4,3,4,0.994735356533471
4,4,5,0.9993473001117937
4,5,6,0.9979253333942827
4,6,7,0.9995938550231006
4,7,8,0.9988868125015529
4,8,9,0.9970250910441496
4,9,10,0.9935365299786532
4,10,11,0.9992481805105011
4,11,12,0.9939308867139737
4,12,13,0.9959869413117887
4,13,14,0.9974126943280589
4,14,15,0.999034100578112
4,15,16,0.9956224779319446
4,16,17,0.9927250995715635
4,17,18,0.9972127878115759
4,18,19,0.9982096636678729
4,19,20,0.9959883375790701
4,20,21,0.998099066092475
4,21,22,0.9968772569668531
4,22,23,0.998188025833656
4,23,24,0.9950961358882646
4,24,25,0.9965564695092163
4,25,26,0.9932484716077107
4,26,27,0.9946490736056229
4,27,28,0.990067881077602
4,28,29,0.9915085518814895
4,29,30,0.998582929179656
4,30,31,0.996141040403435
4,31,32,0.9949068090112715
4,32,33,0.9967648220536129
4,33,34,0.9971110469078074
4,34,35,0.9740584753923542
4,35,36,0.9813709931376746
4,36,37,0.99764780558691
4,37,38,0.985350370585951
4,38,39,0.9953229488412269
4,39,40,0.9883720113300756
4,40,41,0.9958071514517975
4,41,42,0.9967389799727718
4,42,43,0.9883303255880648
4,43,44,0.9969963127069655
4,44,45,0.9923198898610995
5,0,1,0.9945756641700693
5,1,2,0.9982476975928105
5,2,3,0.9984692571565943
5,3,4,0.9972747460425896
5,4,5,0.9958904164779329
5,5,6,0.9946587616453376
5,6,7,0.9934466562645513
5,7,8,0.9963796662857997
5,8,9,0.9809551046772005
5,9,10,0.9954704172114086
5,10,11,0.9824068574232424
5,11,12,0.9960050685025427
5,12,13,0.9910697757321733
5,13,14,0.9990945497670495
5,14,15,0.9853875546050225
5,15,16,0.9995639881879161
5,16,17,0.9775790372689076
5,17,18,0.987207605333812
5,18,19,0.9757549700927578
5,19,20,0.9942873533672578
5,20,21,0.9877259208264537
5,21,22,0.99748019403328
5,22,23,0.9951470497291199
5,23,24,0.989442397709322
5,24,25,0.9928008107557921
5,25,26,0.9942502872703761
5,26,27,0.976710081225929
5,27,28,0.9786977902197009
5,28,29,0.9959560336265061
5,29,30,0.9930462533651232
5,30,31,0.99792067492435
5,31,32,0.9952990226774442
5,32,33,0.9948932930888437
5,33,34,0.9944837701358252
5,34,35,0.9975495152607972
5,35,36,0.9914387441988546
5,36,37,0.9870726190981512
5,37,38,0.996636968130042
5,38,39,0.9949363676142754
5,39,40,0.9886451314492682
5,40,41,0.9970735959307464
5,41,42,0.997776017541394
5,42,43,0.9942248092659706
5,43,44,0.993086301408707
5,44,45,0.9873733543181136
6,0,1,0.981421711392232
6,1,2,0.9906266263537561
6,2,3,0.9943247087687541
6,3,4,0.9897822627818744
6,4,5,0.9977399017318173
6,5,6,0.9885997384765974
6,6,7,0.9962540870293856
6,7,8,0.9919771215141069
6,8,9,0.991157873520028
6,9,10,0.9656928848423596
6,10,11,0.9947663651458931
6,11,12,0.996300118856187
6,12,13,0.9804840027006931
6,13,14,0.9967026192210016
6,14,15,0.9934292580302382
6,15,16,0.9958295675368832
6,16,17,0.9867229235065225
6,17,18,0.9941160703867947
6,18,19,0.9891346071616092
6,19,20,0.9983795480059637
6,20,21,0.9929200166647014
6,21,22,0.9986460110264749
6,22,23,0.9959910192329726
6,23,24,0.9980523040042862
6,24,25,0.9951858635443055
6,25,26,0.9968678833699136
6,26,27,0.9632159657317202
6,27,28,0.964792646884729
6,28,29,0.9967397071880661
6,29,30,0.9968444351905543
6,30,31,0.9946214548421813
6,31,32,0.994381787745259
6,32,33,0.9921647460934185
6,33,34,0.9952619441909943
6,34,35,0.9924982307243059
6,35,36,0.9929651270740021
6,36,37,0.9929126231521442
6,37,38,0.9901626379947149
6,38,39,0.9906456242667007
6,39,40,0.9829805821508791
6,40,41,0.9878801257393457
6,41,42,0.9940463182860398
6,42,43,0.9978706964238289
6,43,44,0.9968094187176512
6,44,45,0.9968495675993667
7,0,1,0.9773781538505635
7,1,2,0.9728613780550313
7,2,3,0.9951747803133447
7,3,4,0.9780585830549334
7,4,5,0.9907536723605125
7,5,6,0.9948997300767249
7,6,7,0.9986876056187565
7,7,8,0.9958992368100384
7,8,9,0.9950307885315346
7,9,10,0.9978004716302584
7,10,11,0.996979675721056
7,11,12,0.991757007538016
7,12,13,0.9980524991951654
7,13,14,0.9897476611998427
7,14,15,0.9953457593797792
7,15,16,0.9965062909268163
7,16,17,0.9943676120248518
7,17,18,0.9983275857219462
7,18,19,0.9937248871210188
7,19,20,0.9892846459036434
7,20,21,0.9928912075395213
7,21,22,0.9949255701972703
7,22,23,0.9991933705386368
7,23,24,0.997425601129893
7,24,25,0.9987652552181211
7,25,26,0.9980277098251049
7,26,27,0.9521032075920846
7,27,28,0.9664049865779131
7,28,29,0.9984906788689114
7,29,30,0.9961760494808233
7,30,31,0.9969934236935568
7,31,32,0.9979553224429234
7,32,33,0.9946954457506855
7,33,34,0.9967403067235138
7,34,35,0.9867308938717729
7,35,36,0.990225459600188
7,36,37,0.9923780851243755
7,37,38,0.9912050835578389
7,38,39,0.9848912159554553
7,39,40,0.9857720547407612
7,40,41,0.9935175119356408
7,41,42,0.995714739977764
7,42,43,0.9935341928584802
7,43,44,0.9946513767552044
7,44,45,0.9940494565772924
8,0,1,0.9925805158345392
8,1,2,0.9874258839411039
8,2,3,0.9958859332067329
8,3,4,0.9970931058146273
8,4,5,0.9965854154352869
8,5,6,0.9951296036831959
8,6,7,0.9967820487449355
8,7,8,0.9969901421438083
8,8,9,0.9974582094615202
8,9,10,0.9977517763531565
8,10,11,0.9963766694075163
8,11,12,0.9985749575088774
8,12,13,0.9954023348538429
8,13,14,0.987814709126215
8,14,15,0.9917499408780224
8,15,16,0.9942092464498212
8,16,17,0.9962868522486559
8,17,18,0.9961197956625537
8,18,19,0.9948417799364762
8,19,20,0.9958868376762688
8,20,21,0.9962553978610914
8,21,22,0.996989220398658
8,22,23,0.9924189240939802
8,23,24,0.9944298094041585
8,24,25,0.99542500867856
8,25,26,0.9954003439790436
8,26,27,0.9965123317632328
8,27,28,0.9952488875684571
8,28,29,0.9958288032050117
8,29,30,0.9943101053277263
8,30,31,0.993401535396307
8,31,32,0.998367238734205
8,32,33,0.9942745993339831
8,33,34,0.997761211529285
8,34,35,0.9970681876033426
8,35,36,0.9957757666943076
8,36,37,0.9970587628733806
8,37,38,0.9943586828419804
8,38,39,0.9969996194821285
8,39,40,0.9957065331732616
8,40,41,0.9949180561429607
8,41,42,0.9976631018065125
8,42,43,0.9950204149940207
8,43,44,0.9975871796061423
8,44,45,0.9954119415069623
9,0,1,0.9873782333370204
9,1,2,0.9968752759975192
9,2,3,0.9987771895179547
9,3,4,0.9953274424134124
9,4,5,0.9972622633400544
9,5,6,0.9970641049069361
9,6,7,0.9945324393243052
9,7,8,0.9974358180299052
9,8,9,0.9996348811969397
9,9,10,0.9995261559909301
9,10,11,0.9987588835123615
9,11,12,0.9990986743611381
9,12,13,0.996042882181628
9,13,14,0.9962592858135324
9,14,15,0.9990296790936003
9,15,16,0.9978799723574853
9,16,17,0.9973151557452331
9,17,18,0.9956162853107208
9,18,19,0.997449784021981
9,19,20,0.9935391358314412
9,20,21,0.9988151569326915
9,21,22,0.9988918032308749
9,22,23,0.9977158820978825
9,23,24,0.9985845164259101
9,24,25,0.9984459635904835
9,25,26,0.998511603782817
9,26,27,0.9957732921808761
9,27,28,0.9941560695389093
9,28,29,0.9968815824839964
9,29,30,0.997651758595935
9,30,31,0.9975223247418314
9,31,32,0.9955944770614942
9,32,33,0.9973346120107234
9,33,34,0.9954285999510766
9,34,35,0.9963337997806228
9,35,36,0.995827622909486
9,36,37,0.9971211878818774
9,37,38,0.9965051733786146
9,38,39,0.9834128061247077
9,39,40,0.9731709954143779
9,40,41,0.9983730071121072
9,41,42,0.9991132267186127
9,42,43,0.9942617563684323
9,43,44,0.9950865283597533
9,44,45,0.9915088193526763
10,0,1,0.9976406170503032
10,1,2,0.9978721451455005
10,2,3,0.9982705774105629
10,3,4,0.9965508473634764
10,4,5,0.9983321804831116
10,5,6,0.9966522718516578
10,6,7,0.9942742882412847
10,7,8,0.9980480987693018
10,8,9,0.9981122444335324
10,9,10,0.99846253362573
10,10,11,0.9988255206396313
10,11,12,0.9960637874393935
10,12,13,0.9994182107054328
10,13,14,0.9994069304211354
10,14,15,0.9958418403564805
10,15,16,0.993117119184329
10,16,17,0.9906647328113427
10,17,18,0.9977523896272369
10,18,19,0.9976885735439988
10,19,20,0.9916433561550058
10,20,21,0.9974763840810775
10,21,22,0.9975818066939004
10,22,23,0.997477581113805
10,23,24,0.9962192996959696
10,24,25,0.9895732994531424
10,25,26,0.9906728910048509
10,26,27,0.9876610938431584
10,27,28,0.991209690214595
10,28,29,0.9982374658441912
10,29,30,0.9985994607522292
10,30,31,0.9783248629001712
10,31,32,0.9795600259268624
10,32,33,0.9883591098763794
10,33,34,0.9911583662857772
10,34,35,0.9971000058227144
10,35,36,0.9969169911117415
10,36,37,0.9984702697091865
10,37,38,0.9973033378961452
10,38,39,0.9967890811905785
10,39,40,0.9987292131482678
10,40,41,0.993932932396408
10,41,42,0.9956219263255432
10,42,43,0.9971906528425963
10,43,44,0.9960216594081688
10,44,45,0.996599413749692
11,0,1,0.9980846518471669
11,1,2,0.985844646198182
11,2,3,0.9900477543353765
11,3,4,0.9981565528303293
11,4,5,0.9984370260670961
11,5,6,0.9961746190021544
11,6,7,0.996849306792552
11,7,8,0.9986496498344524
11,8,9,0.9953500187078681
11,9,10,0.9935907943350081
11,10,11,0.995979375137926
11,11,12,0.995793055141838
11,12,13,0.9985372811941362
11,13,14,0.9936595305431712
11,14,15,0.9938261785738024
11,15,16,0.9948535354628217
11,16,17,0.9976091265623844
11,17,18,0.9906447062551867
11,18,19,0.9973832382188842
11,19,20,0.9973408589649921
11,20,21,0.9969401819159109
11,21,22,0.998935920822377
11,22,23,0.9966951484040559
11,23,24,0.996455122492088
11,24,25,0.9950033394110851
11,25,26,0.9975961299359957
11,26,27,0.9847454806287479
11,27,28,0.9940168325918393
11,28,29,0.9920418859481452
11,29,30,0.9966962167457843
11,30,31,0.9845783505615624
11,31,32,0.9850365155214802
11,32,33,0.9952530146164558
11,33,34,0.9976200143351359
11,34,35,0.9977291247138116
11,35,36,0.989792213037079
11,36,37,0.9920086276749801
11,37,38,0.9975324207092978
11,38,39,0.9967534967295868
11,39,40,0.9965110401176166
11,40,41,0.9944850948446631
11,41,42,0.9976948763520179
11,42,43,0.9945180838222667
11,43,44,0.9936604256239565
11,44,45,0.9969904790164242
12,0,1,0.9962736973537876
12,1,2,0.9952617904226532
12,2,3,0.9967188289230842
12,3,4,0.9978666736234628
12,4,5,0.9895033936668092
12,5,6,0.9922632036320747
12,6,7,0.996761704506272
12,7,8,0.9983188876230034
12,8,9,0.9761737870928695
12,9,10,0.9946826056278545
12,10,11,0.9946525995968994
12,11,12,0.9989445321739828
12,12,13,0.9889578090953182
12,13,14,0.9983235495867876
12,14,15,0.9783587505636375
12,15,16,0.9963778546452232
12,16,17,0.9923999180390223
12,17,18,0.986347956819689
12,18,19,0.9869194642295005
12,19,20,0.9974415971374961
12,20,21,0.9992275059915465
12,21,22,0.9934472356790862
12,22,23,0.9944433730947471
12,23,24,0.9977255555725981
12,24,25,0.9978506789278988
12,25,26,0.9984703360615937
12,26,27,0.9838660033822492
12,27,28,0.9901907675189865
12,28,29,0.9966947326114434
12,29,30,0.9936348036797459
12,30,31,0.9874906176042627
12,31,32,0.970628137757505
12,32,33,0.9960570591518803
12,33,34,0.9962182025616013
12,34,35,0.9956371439886165
12,35,36,0.9956047838707089
12,36,37,0.9959893833231505
12,37,38,0.9963813899906714
12,38,39,0.9953702532636235
12,39,40,0.9963821468615255
12,40,41,0.9826545968775146
12,41,42,0.9976706457925674
12,42,43,0.9980554050401255
12,43,44,0.9970620122827706
12,44,45,0.994349252713298
13,0,1,0.994376339044697
13,1,2,0.996266625574439
13,2,3,0.9990092018481839
13,3,4,0.99670125788067
13,4,5,0.9972915831375071
13,5,6,0.9976341519340161
13,6,7,0.9972094505820623
13,7,8,0.9975139941958234
13,8,9,0.9981709925607225
13,9,10,0.9966065133476893
13,10,11,0.9967781600053204
13,11,12,0.9973943450568662
13,12,13,0.9904362632172825
13,13,14,0.9953681152863112
13,14,15,0.9834178931083322
13,15,16,0.9944899444841795
13,16,17,0.9977502172988038
13,17,18,0.9895585200690397
13,18,19,0.9908762968559393
13,19,20,0.9990611312871333
13,20,21,0.9969189060762391
13,21,22,0.9972945670147382
13,22,23,0.9981864865359417
13,23,24,0.9944500578484601
13,24,25,0.9964099240344036
13,25,26,0.9947573893823851
13,26,27,0.9527136191435518
13,27,28,0.9514231996526092
13,28,29,0.9985077381134969
13,29,30,0.9982290733837043
13,30,31,0.9835196260626117
13,31,32,0.9803879901325661
13,32,33,0.9904642713681654
13,33,34,0.9909825107939043
13,34,35,0.9882860183366273
13,35,36,0.9881289434998707
13,36,37,0.9827294061541836
13,37,38,0.9869578399243083
13,38,39,0.994077795971678
13,39,40,0.9915504148219142
13,40,41,0.9976072599704638
13,41,42,0.9965477952666946
13,42,43,0.9914421668339678
13,43,44,0.998235581830011
13,44,45,0.9963848626945878
14,0,1,0.9956668275383214
14,1,2,0.9960903762581396
14,2,3,0.9947046465834394
14,3,4,0.9982513511072088
14,4,5,0.9992693160492119
14,5,6,0.9974583104787614
14,6,7,0.9974335493581794
14,7,8,0.9952748028569052
14,8,9,0.998613114818137
14,9,10,0.9987962842628137
14,10,11,0.997017386879914
14,11,12,0.9981723126601832
14,12,13,0.9984979151274654
14,13,14,0.9984752753638008
14,14,15,0.9963476623883022
14,15,16,0.9967044935468404
14,16,17,0.9984135987245445
14,17,18,0.9962316558944693
14,18,19,0.9977440085321067
14,19,20,0.9971898910973471
14,20,21,0.9925639688710746
14,21,22,0.9936881301566522
14,22,23,0.9982920428814852
14,23,24,0.9991638087861963
14,24,25,0.9978709877984895
14,25,26,0.9966977169969301
14,26,27,0.975332786886185
14,27,28,0.9783627188126702
14,28,29,0.995572377507062
14,29,30,0.997296323948461
14,30,31,0.9783218157132426
14,31,32,0.9569611328301129
14,32,33,0.9965569154637617
14,33,34,0.9917532216739526
14,34,35,0.9962301600852351
14,35,36,0.9967744179391629
14,36,37,0.9981485736047959
14,37,38,0.9962160326691911
14,38,39,0.990843417990252
14,39,40,0.9860384784164896
14,40,41,0.996506730629401
14,41,42,0.9972504754447131
14,42,43,0.9898702447401554
14,43,44,0.9971951001473561
14,44,45,0.9969399826470364
15,0,1,0.9975435524242241
15,1,2,0.9907437136793049
15,2,3,0.9935274678032123
15,3,4,0.9981740237448101
15,4,5,0.9974697744791604
15,5,6,0.9972302517811487
15,6,7,0.9963213113826191
15,7,8,0.9973893950916044
15,8,9,0.999402223912877
15,9,10,0.9982101211116681
15,10,11,0.997574607000189
15,11,12,0.9965683618088241
15,12,13,0.9970868216447838
15,13,14,0.9971951686714803
15,14,15,0.998982564698115
15,15,16,0.9916796231840782
15,16,17,0.9903539223334819
15,17,18,0.9970172788538935
15,18,19,0.9958930648244311
15,19,20,0.9932266573709622
15,20,21,0.9953808260494832
15,21,22,0.9966804186414095
15,22,23,0.9980274915938023
15,23,24,0.9986271873406947
15,24,25,0.9980515742713804
15,25,26,0.9973770490452567
15,26,27,0.9623604087979184
15,27,28,0.9700474251355746
15,28,29,0.9980177134182641
15,29,30,0.9978274476874461
15,30,31,0.9962470605022195
15,31,32,0.9962595509981388
15,32,33,0.9938485143814948
15,33,34,0.9953407845308514
15,34,35,0.9963033756323837
15,35,36,0.993798257489002
15,36,37,0.9970465187989125
15,37,38,0.9898358453543892
15,38,39,0.9880709176276111
15,39,40,0.9954296815912751
15,40,41,0.996565635267646
15,41,42,0.9967868288925491
15,42,43,0.9832765196145842
15,43,44,0.9913229940155425
15,44,45,0.997079735674621
16,0,1,0.9962594333613242
16,1,2,0.9950543796446901
16,2,3,0.9984360362774884
16,3,4,0.9950533447473914
16,4,5,0.9945555996371575
16,5,6,0.9965409832135204
16,6,7,0.9969381834746649
16,7,8,0.9958098600865379
16,8,9,0.9968617341591788
16,9,10,0.9993689275769716
16,10,11,0.998434400813928
16,11,12,0.9979180525773019
16,12,13,0.995637044378865
16,13,14,0.9965763180846996
16,14,15,0.9962807824611853
16,15,16,0.9957855413289046
16,16,17,0.9981510130314105
16,17,18,0.9973075670013143
16,18,19,0.9866071703464987
16,19,20,0.9957986845485324
16,20,21,0.9977148961383483
16,21,22,0.9984378647398879
16,22,23,0.997392029954397
16,23,24,0.9939848708296152
16,24,25,0.9973183487116932
16,25,26,0.996833890573962
16,26,27,0.9953173357125198
16,27,28,0.993314201918661
16,28,29,0.9949263939440758
16,29,30,0.9902130657347694
16,30,31,0.9945564723647278
16,31,32,0.99582791286119
16,32,33,0.9976217951463164
16,33,34,0.9944709268551191
16,34,35,0.9897784172917881
16,35,36,0.9921628231189971
16,36,37,0.982382743486958
16,37,38,0.9948881254376288
16,38,39,0.9971581627946791
16,39,40,0.9920714167633553
16,40,41,0.9888785899404191
16,41,42,0.9850496084244463
16,42,43,0.9899550830689597
16,43,44,0.996557307820888
16,44,45,0.9958640958116018
17,0,1,0.9909040713790562
17,1,2,0.9922622173294833
17,2,3,0.9948410427651767
17,3,4,0.9942425909804626
17,4,5,0.9984899861124819
17,5,6,0.9948078659433839
17,6,7,0.9967847986383667
17,7,8,0.9983492111865621
17,8,9,0.9942081577296582
17,9,10,0.9982770399433899
17,10,11,0.9954705611507838
17,11,12,0.9981462405837275
17,12,13,0.9960472839855898
17,13,14,0.9954815779997895
17,14,15,0.9953664497456118
17,15,16,0.9979494752523511
17,16,17,0.9960998053103386
17,17,18,0.9953825985557071
17,18,19,0.9985176640668458
17,19,20,0.9991164525065569
17,20,21,0.9980041001110326
17,21,22,0.9966351127880454
17,22,23,0.9884974835820375
17,23,24,0.9949424297842294
17,24,25,0.9940509250507291
17,25,26,0.9984012301400123
17,26,27,0.969392253388793
17,27,28,0.971715203710939
17,28,29,0.9956368042036614
17,29,30,0.9922636558096573
17,30,31,0.9963798547650932
17,31,32,0.9973675449096167
17,32,33,0.9964480611695272
17,33,34,0.9974378989469905
17,34,35,0.9901268370725549
17,35,36,0.9949478947809347
17,36,37,0.9927321674290823
17,37,38,0.9930744082543985
17,38,39,0.9965760745818103
17,39,40,0.9938396634192153
17,40,41,0.9925860173624559
17,41,42,0.9883973666236159
17,42,43,0.994926545410104
17,43,44,0.9914655142130201
17,44,45,0.9904636807489181
18,0,1,0.9726121165412769
18,1,2,0.9968545971593562
18,2,3,0.8681763406652316
18,3,4,0.9895028727736931
18,4,5,0.9981787501842322
18,5,6,0.9992368904188671
18,6,7,0.9999684160409195
18,7,8,0.9999687340977449
18,8,9,0.999969094209444
18,9,10,0.9999365827013998
18,10,11,0.9999663254160772
18,11,12,0.999444013828207
18,12,13,0.9969947565189748
18,13,14,0.9906724729018725
18,14,15,0.9803971638432556
18,15,16,0.9882508478180617
18,16,17,0.9429861714140048
18,17,18,0.9911669337349112
18,18,19,0.9883925246536849
18,19,20,0.9931012623272625
18,20,21,0.99851157391983
18,21,22,0.9847318646588651
18,22,23,0.991756240375153
18,23,24,0.9978751801824284
18,24,25,0.9896556803487659
18,25,26,0.9947896634642023
18,26,27,0.972234851572329
18,27,28,0.9749794907311141
18,28,29,0.9975172771182599
18,29,30,0.9956910337816768
18,30,31,0.9738670398471414
18,31,32,0.9681139256827452
18,32,33,0.9961946874303819
18,33,34,0.9976962417664366
18,34,35,0.9932102256118809
18,35,36,0.993689199052015
18,36,37,0.9886438779976537
18,37,38,0.9948095776710372
18,38,39,0.9875195013161113
18,39,40,0.9673578020603084
18,40,41,0.996129516827543
18,41,42,0.9980452534710271
18,42,43,0.9823080383357224
18,43,44,0.9910829078654657
18,44,45,0.9978926178184444
19,0,1,0.9855926677978238
19,1,2,0.9969391325076226
19,2,3,0.9952052127850199
19,3,4,0.9973586754568212
19,4,5,0.9924102591738068
19,5,6,0.9944198944196554
19,6,7,0.9984724353838496
19,7,8,0.9971231277130291
19,8,9,0.99841875763456
19,9,10,0.996366029039035
19,10,11,0.9987295017129568
19,11,12,0.9977528263167089
19,12,13,0.9962061627820545
19,13,14,0.9919892302609153
19,14,15,0.9948824879926188
19,15,16,0.9989559319283831
19,16,17,0.9875905777437064
19,17,18,0.9931891324808448
19,18,19,0.9900074436298549
19,19,20,0.9981429339470858
19,20,21,0.9976554005449064
19,21,22,0.9982237587159678
19,22,23,0.997932659265608
19,23,24,0.9970923765458152
19,24,25,0.994626702504917
19,25,26,0.9921911433984989
19,26,27,0.9600995514938574
19,27,28,0.9719317814725045
19,28,29,0.9977165205841964
19,29,30,0.9884772531362291
19,30,31,0.9915196556159604
19,31,32,0.995091111200757
19,32,33,0.9955340674192773
19,33,34,0.9986004920478285
19,34,35,0.9950910901230233
19,35,36,0.9923223976340747
19,36,37,0.9961501191591865
19,37,38,0.9979500495889047
19,38,39,0.9814239594141515
19,39,40,0.9932459594392128
19,40,41,0.9844912334516508
19,41,42,0.9949980368726361
19,42,43,0.9954146005447307
19,43,44,0.9977033725449195
19,44,45,0.9988409097382807
20,0,1,0.9856859531033155
20,1,2,0.9945641306743028
20,2,3,0.9887922482803033
20,3,4,0.9970150501698652
20,4,5,0.9981670792172083
20,5,6,0.993485413729665
20,6,7,0.9887372063310542
20,7,8,0.9986426242908617
20,8,9,0.9963583088171742
20,9,10,0.9986562328345818
20,10,11,0.9924931660621151
20,11,12,0.993044684185362
20,12,13,0.9961121933582943
20,13,14,0.9926374425217328
20,14,15,0.9974541716296346
20,15,16,0.9912245395587429
20,16,17,0.9977820037269672
20,17,18,0.9943402586616296
20,18,19,0.99148671505677
20,19,20,0.9855827250914112
20,20,21,0.9945999707086861
20,21,22,0.997651195621359
20,22,23,0.9969196342696023
20,23,24,0.996079037708881
20,24,25,0.9959372689848943
20,25,26,0.9965645659367337
20,26,27,0.9644923637059883
20,27,28,0.9668073053698041
20,28,29,0.9953897496423096
20,29,30,0.995490419734099
20,30,31,0.9865224415284017
20,31,32,0.9795029151464062
20,32,33,0.994417308069262
20,33,34,0.9788194372978162
20,34,35,0.9844612124161088
20,35,36,0.9950379207453491
20,36,37,0.9943455428896886
20,37,38,0.982646385486218
20,38,39,0.9963009229341285
20,39,40,0.9938750435624565
20,40,41,0.9931624662711978
20,41,42,0.9941596588330363
20,42,43,0.9935707772024036
20,43,44,0.9952518174612688
20,44,45,0.997034698250835
21,0,1,0.991461064720796
21,1,2,0.9916915018549344
21,2,3,0.9901240077864178
21,3,4,0.9893933548729964
21,4,5,0.9961466947642177
21,5,6,0.9896783456721262
21,6,7,0.986345847586271
21,7,8,0.9973761427210691
21,8,9,0.9975585359195976
21,9,10,0.9919044564429578
21,10,11,0.9985709521170527
21,11,12,0.9989535603646491
21,12,13,0.9935049338681943
21,13,14,0.9899926119939898
21,14,15,0.9930713010829845
21,15,16,0.9910608779611995
21,16,17,0.9827977593212552
21,17,18,0.9903458902013487
21,18,19,0.9981278074047409
21,19,20,0.9894184518821649
21,20,21,0.9971164037273731
21,21,22,0.9957710496397967
21,22,23,0.9949668895052848
21,23,24,0.9974869128463966
21,24,25,0.9955033197636728
21,25,26,0.995777417968229
21,26,27,0.9976972577712285
21,27,28,0.9988216034940792
21,28,29,0.9968650694125025
21,29,30,0.9977862981978368
21,30,31,0.993472835736566
21,31,32,0.9841697595038065
21,32,33,0.9957029911710606
21,33,34,0.9964957408891872
21,34,35,0.9895364298771551
21,35,36,0.9865664091484411
21,36,37,0.9896620405773753
21,37,38,0.9944540354632336
21,38,39,0.9957135580963653
21,39,40,0.9939639432053092
21,40,41,0.9964052686088317
21,41,42,0.9910843623037459
21,42,43,0.994833430449386
21,43,44,0.9897218599642671
21,44,45,0.980501291752992
22,0,1,0.9978087876645751
22,1,2,0.9948523445763136
22,2,3,0.9993192949236831
22,3,4,0.9963538662748892
22,4,5,0.9985896475186342
22,5,6,0.9986530595869189
22,6,7,0.9961109631012386
22,7,8,0.9981675469314474
22,8,9,0.9959713973638554
22,9,10,0.9916808115410402
22,10,11,0.9975385168922482
22,11,12,0.9953164859016773
22,12,13,0.9923985741859385
22,13,14,0.9977533386388433
22,14,15,0.9961071689343264
22,15,16,0.9972880450938058
22,16,17,0.9870985632074551
22,17,18,0.9951362707233631
22,18,19,0.9983657788928196
22,19,20,0.9975224349772177
22,20,21,0.9934317941281029
22,21,22,0.9986640997558403
22,22,23,0.9938157380868131
22,23,24,0.9860863045575388
22,24,25,0.9972104249683242
22,25,26,0.9874535460619737
22,26,27,0.9880606605886633
22,27,28,0.9810036962376493
22,28,29,0.996618964450105
22,29,30,0.9980468534973785
22,30,31,0.9824261435488141
22,31,32,0.9921680547643759
22,32,33,0.9875743677117841
22,33,34,0.9961945776323712
22,34,35,0.9977775300273815
22,35,36,0.9978411748658731
22,36,37,0.9966091587223173
22,37,38,0.9960357758534435
22,38,39,0.9884322266418148
22,39,40,0.9836369859899788
22,40,41,0.9977122509020243
22,41,42,0.9981785702538751
22,42,43,0.9942345294417207
22,43,44,0.9940439411096905
22,44,45,0.9874039302629709
23,0,1,0.9896581190411864
23,1,2,0.983883952893658
23,2,3,0.9987156819201287
23,3,4,0.9958426887387821
23,4,5,0.9964595809280008
23,5,6,0.9986226201886134
23,6,7,0.998749691359471
23,7,8,0.9970127142473472
23,8,9,0.9904614892935304
23,9,10,0.9987539211085625
23,10,11,0.9984501964549892
23,11,12,0.9979666249219085
23,12,13,0.9967869178833261
23,13,14,0.9964440958768072
23,14,15,0.9987344433158136
23,15,16,0.9995056729301973
23,16,17,0.995505686184126
23,17,18,0.9961609248710316
23,18,19,0.9961340218704959
23,19,20,0.9976342310900614
23,20,21,0.9928358985462474
23,21,22,0.9872507968997837
23,22,23,0.9976660441067561
23,23,24,0.9968051950812823
23,24,25,0.9972570220128223
23,25,26,0.9967353978945845
23,26,27,0.9870546956247391
23,27,28,0.9901282509747517
23,28,29,0.9974723989762352
23,29,30,0.9973888671025917
23,30,31,0.9928469199175614
23,31,32,0.986445195975447
23,32,33,0.9945730492746391
23,33,34,0.9911382289569817
23,34,35,0.9925154193645191
23,35,36,0.9962216095053513
23,36,37,0.9973191297947427
23,37,38,0.9965455473376776
23,38,39,0.9987084969050821
23,39,40,0.9894758471841029
23,40,41,0.9979201949340554
23,41,42,0.9971178786948196
23,42,43,0.9980002189418306
23,43,44,0.9982992686298797
23,44,45,0.9965077058763736
24,0,1,0.978124310618637
24,1,2,0.9742692020795857
24,2,3,0.9924946684714473
24,3,4,0.9952536976223509
24,4,5,0.9985560203820878
24,5,6,0.9974921845291022
24,6,7,0.9958776409958671
24,7,8,0.9990666796371799
24,8,9,0.9962879813574149
24,9,10,0.9953015888911763
24,10,11,0.9970298723921382
24,11,12,0.9951967228109605
24,12,13,0.9940097211434515
24,13,14,0.990656601615463
24,14,15,0.9908027219439234
24,15,16,0.9947135204857172
24,16,17,0.9698111191043409
24,17,18,0.9950720619878614
24,18,19,0.9945156340610944
24,19,20,0.9606947898165756
24,20,21,0.9903155151256438
24,21,22,0.990593338031561
24,22,23,0.9976995536129607
24,23,24,0.9966165305078141
24,24,25,0.9958894412356407
24,25,26,0.969883163478175
24,26,27,0.9923454026643304
24,27,28,0.9958639480738143
24,28,29,0.9987652117319704
24,29,30,0.9913387283715149
24,30,31,0.9775580827555557
24,31,32,0.98926367051733
24,32,33,0.9861799666932727
24,33,34,0.9924000503522171
24,34,35,0.9974694162400239
24,35,36,0.9964631452579661
24,36,37,0.9967065346033961
24,37,38,0.9956833751700181
24,38,39,0.9950981001678971
24,39,40,0.996521711050849
24,40,41,0.9960854169302942
24,41,42,0.9978114829470521
24,42,43,0.9988432380420955
24,43,44,0.9975769229265026
24,44,45,0.9978043487986148
25,0,1,0.9922831435943047
25,1,2,0.9796186216779048
25,2,3,0.9959393959750557
25,3,4,0.9968834076681368
25,4,5,0.9965162805712336
25,5,6,0.9919055460552882
25,6,7,0.9953645648666687
25,7,8,0.9941474532273666
25,8,9,0.9982470641895737
25,9,10,0.997105408064531
25,10,11,0.998549647574904
25,11,12,0.9980105907960469
25,12,13,0.9986383237337326
25,13,14,0.9968188734601799
25,14,15,0.9982561109549667
25,15,16,0.99643208610686
25,16,17,0.9946124939633922
25,17,18,0.9971078187209257
25,18,19,0.9961127402808905
25,19,20,0.9949470163322789
25,20,21,0.9988457773639116
25,21,22,0.9954677562693063
25,22,23,0.9974531917887898
25,23,24,0.9909542702539639
25,24,25,0.9950092352526861
25,25,26,0.9959143665792235
25,26,27,0.98516432212029
25,27,28,0.9919983002289801
25,28,29,0.9950751613351171
25,29,30,0.9966629623740778
25,30,31,0.9957099783708766
25,31,32,0.995270971291025
25,32,33,0.9975019542379129
25,33,34,0.9953709275131651
25,34,35,0.9983089226363684
25,35,36,0.9965255372003566
25,36,37,0.9912340547806154
25,37,38,0.9961414136172607
25,38,39,0.9896791326152816
25,39,40,0.9750497101801673
25,40,41,0.9967354255884997
25,41,42,0.9949096850874849
25,42,43,0.9986273970440005
25,43,44,0.9968375116188107
25,44,45,0.994042915029828
26,0,1,0.9981185222833623
26,1,2,0.9936570119402544
26,2,3,0.9930813653280511
26,3,4,0.9991903759039366
26,4,5,0.9977269898240729
26,5,6,0.9987112125799544
26,6,7,0.9954238425119991
26,7,8,0.998972501924303
26,8,9,0.9984083033626503
26,9,10,0.9946475744332646
26,10,11,0.9947158624744359
26,11,12,0.9980764747625113
26,12,13,0.9919766775172975
26,13,14,0.9963758240554242
26,14,15,0.9975120134691259
26,15,16,0.996205099512332
26,16,17,0.9974438511940998
26,17,18,0.9955182709399453
26,18,19,0.9839673124026517
26,19,20,0.9963190696584755
26,20,21,0.9988032787692162
26,21,22,0.9949631236409062
26,22,23,0.998046768491923
26,23,24,0.997031904162315
26,24,25,0.9944743254782854
26,25,26,0.9971433731983154
26,26,27,0.9935522026284931
26,27,28,0.9960175266972864
26,28,29,0.991507686753839
26,29,30,0.9940074399435477
26,30,31,0.9874658474009043
26,31,32,0.9808055227877208
26,32,33,0.9961293102006044
26,33,34,0.9966615607010474
26,34,35,0.9979306308879288
26,35,36,0.997463742459751
26,36,37,0.9986005012789336
26,37,38,0.997788059809897
26,38,39,0.9980914986603541
26,39,40,0.9971197268971037
26,40,41,0.9938642462500228
26,41,42,0.997543970365584
26,42,43,0.9922421580005594
26,43,44,0.9921874144874161
26,44,45,0.9975191165599349
27,0,1,0.9893992693402528
27,1,2,0.9796186381503958
27,2,3,0.9917559866195338
27,3,4,0.9973269968284859
27,4,5,0.9986200031065862
27,5,6,0.9983631260758674
27,6,7,0.997022580997489
27,7,8,0.9985658328277798
27,8,9,0.9981751033726088
27,9,10,0.9947118650467959
27,10,11,0.9952227342824764
27,11,12,0.9975766806574706
27,12,13,0.9991363865036381
27,13,14,0.9959251857553941
27,14,15,0.9952029577450756
27,15,16,0.9983931787618665
27,16,17,0.9960959203177916
27,17,18,0.9977643867046198
27,18,19,0.9975813596459082
27,19,20,0.9985571037701853
27,20,21,0.9977798793914688
27,21,22,0.9981828545240106
27,22,23,0.9981727220277875
27,23,24,0.998973492232035
27,24,25,0.9936513367654707
27,25,26,0.9977282115950884
27,26,27,0.9913885956839825
27,27,28,0.9936842360868623
27,28,29,0.9964090127764911
27,29,30,0.9974987137297658
27,30,31,0.948102100365321
27,31,32,0.951603897745144
27,32,33,0.9976621778434557
27,33,34,0.9983762004102804
27,34,35,0.9964382525874844
27,35,36,0.9963274276677626
27,36,37,0.9955290628205057
27,37,38,0.9885228182577407
27,38,39,0.9956217243411525
27,39,40,0.9919281652522791
27,40,41,0.997556955765587
27,41,42,0.9984299767421915
27,42,43,0.9974362872591023
27,43,44,0.997576483185836
27,44,45,0.9967900559552405
28,0,1,0.9960796686037157
28,1,2,0.9946976420172103
28,2,3,0.9920308931142119
28,3,4,0.9976567868859594
28,4,5,0.9983628196813951
28,5,6,0.9960118361974359
28,6,7,0.9922738976952508
28,7,8,0.9935797492354438
28,8,9,0.9939158400339803
28,9,10,0.9947834430492188
28,10,11,0.9922835246187601
28,11,12,0.9969516496372396
28,12,13,0.9925590683216436
28,13,14,0.9932790765742862
28,14,15,0.9940040955297489
28,15,16,0.9854156780972273
28,16,17,0.9770261988807705
28,17,18,0.9986760170655372
28,18,19,0.9974659502225063
28,19,20,0.9865275539080092
28,20,21,0.998937188508473
28,21,22,0.9961594615047423
28,22,23,0.9927202997442612
28,23,24,0.9945700531838587
28,24,25,0.9954868023118207
28,25,26,0.9969820096754622
28,26,27,0.985568025321095
28,27,28,0.9669120942603989
28,28,29,0.9935888936546522
28,29,30,0.9975978941428986
28,30,31,0.9868539399870122
28,31,32,0.9939931272749077
28,32,33,0.9937393280955965
28,33,34,0.993216791867978
28,34,35,0.9927070366740922
28,35,36,0.997331617047961
28,36,37,0.9918259128094015
28,37,38,0.9834773284885142
28,38,39,0.9952915744709858
28,39,40,0.9761588590823852
28,40,41,0.9975859366688654
28,41,42,0.9911718624788055
28,42,43,0.9810892898577186
28,43,44,0.9935432216785107
28,44,45,0.9980866071782556
29,0,1,0.9971757645821626
29,1,2,0.9946501708612391
29,2,3,0.9986315895499323
29,3,4,0.9971402076081265
29,4,5,0.9956359278845986
29,5,6,0.9979535101333114
29,6,7,0.9930911700174675
29,7,8,0.9952442683083511
29,8,9,0.9960489921996101
29,9,10,0.9969747401878175
29,10,11,0.9980869359885486
29,11,12,0.9987215012823548
29,12,13,0.9990583658747579
29,13,14,0.9975367691295728
29,14,15,0.9960469341288566
29,15,16,0.9983978565962032
29,16,17,0.9921961097830587
29,17,18,0.9969284396406248
29,18,19,0.9961719342179298
29,19,20,0.9966098930874628
29,20,21,0.9955761997312623
29,21,22,0.9955851775810678
29,22,23,0.9979656703536144
29,23,24,0.994025675147487
29,24,25,0.9903592893503976
29,25,26,0.9867276564420121
29,26,27,0.9877875917379735
29,27,28,0.9678407252211546
29,28,29,0.9943659040575383
29,29,30,0.9931559517867168
29,30,31,0.991850531319532
29,31,32,0.9833151016064169
29,32,33,0.9966269867362673
29,33,34,0.9939830889665456
29,34,35,0.9927662016053098
29,35,36,0.9934873824597764
29,36,37,0.9955073245677978
29,37,38,0.9901515951090339
29,38,39,0.9924515585618784
29,39,40,0.9817497158292373
29,40,41,0.9973501083764618
29,41,42,0.9983262769982608
29,42,43,0.9952040358365695
29,43,44,0.9961314517288389
29,44,45,0.9899602493221965
30,0,1,0.9933545112814776
30,1,2,0.9972865836460844
30,2,3,0.9975282915130167
30,3,4,0.9991183281543713
30,4,5,0.9933991004285864
30,5,6,0.9905975423743947
30,6,7,0.9982905986731514
30,7,8,0.9995305743566557
30,8,9,0.9986194124515383
30,9,10,0.9981781068463365
30,10,11,0.9941076953083687
30,11,12,0.9968492569304288
30,12,13,0.9920061691574126
30,13,14,0.9962546214189965
30,14,15,0.9961929780902264
30,15,16,0.9922129830813851
30,16,17,0.9966241409735775
30,17,18,0.9933820382099412
30,18,19,0.9780142751399366
30,19,20,0.9958528050070373
30,20,21,0.9923872655152999
30,21,22,0.991157927161672
30,22,23,0.9965309253976838
30,23,24,0.9981063000729813
30,24,25,0.9960871493361989
30,25,26,0.9971382609747363
30,26,27,0.9869126231691143
30,27,28,0.9879895139763089
30,28,29,0.9972087563309567
30,29,30,0.9976612996524976
30,30,31,0.9859191487315336
30,31,32,0.9909334468261399
30,32,33,0.9954884216852078
30,33,34,0.9969546631058451
30,34,35,0.9915958364733505
30,35,36,0.9934448053498264
30,36,37,0.99034045121622
30,37,38,0.9939203015516197
30,38,39,0.9912757352237258
30,39,40,0.990855729334825
30,40,41,0.9941038476733896
30,41,42,0.9949476474705419
30,42,43,0.9977764286193819
30,43,44,0.9979249775444682
30,44,45,0.9925878595503008
31,0,1,0.9972916462724074
31,1,2,0.9974517608258281
31,2,3,0.996537805041037
31,3,4,0.9978542343348615
31,4,5,0.9982561219077369
31,5,6,0.9983647046818845
31,6,7,0.996914522638771
31,7,8,0.9989990187631533
31,8,9,0.9981908083057247
31,9,10,0.9920049640655598
31,10,11,0.9918074082233919
31,11,12,0.995829909669001
31,12,13,0.9900736634151922
31,13,14,0.9777815351594968
31,14,15,0.9940888714412538
31,15,16,0.9992703642546448
31,16,17,0.9935696360226234
31,17,18,0.9948565434692285
31,18,19,0.9788147146026874
31,19,20,0.993308631367018
31,20,21,0.9947215944244936
31,21,22,0.9963484332037248
31,22,23,0.9989667510017253
31,23,24,0.9882130931206705
31,24,25,0.9950298152717065
31,25,26,0.994993659937097
31,26,27,0.9948438560718047
31,27,28,0.992610127159021
31,28,29,0.998365243741978
31,29,30,0.9983915903318172
31,30,31,0.9838947857796282
31,31,32,0.9943912746512836
31,32,33,0.9855369215401454
31,33,34,0.9974863782933957
31,34,35,0.9918625090848725
31,35,36,0.9927204008037147
31,36,37,0.9940662190317276
31,37,38,0.9943088411852833
31,38,39,0.9955814236127565
31,39,40,0.9916142806161395
31,40,41,0.9982818705649673
31,41,42,0.9981729889981292
31,42,43,0.9957946878956964
31,43,44,0.9978167020622488
31,44,45,0.9857760079373348
32,0,1,0.9935985808380623
32,1,2,0.9937918658093275
32,2,3,0.9985194238063403
32,3,4,0.9981953392999563
32,4,5,0.9980876421233711
32,5,6,0.9959538371915012
32,6,7,0.9937589623544625
32,7,8,0.9917394882079158
32,8,9,0.9900333161008534
32,9,10,0.9975490605889716
32,10,11,0.993823367167958
32,11,12,0.9876722515392882
32,12,13,0.99714190561338
32,13,14,0.9952407335129495
32,14,15,0.9988829010754383
32,15,16,0.997749783411232
32,16,17,0.9974004343656403
32,17,18,0.9975943384379309
32,18,19,0.9988807031314787
32,19,20,0.9975638314755332
32,20,21,0.9969735057587402
32,21,22,0.9959384608210621
32,22,23,0.9979141160232787
32,23,24,0.9961637515957418
32,24,25,0.9956959363724989
32,25,26,0.9961490586417769
32,26,27,0.9644029696335399
32,27,28,0.9629492592569515
32,28,29,0.9978394417884785
32,29,30,0.9964141328507264
32,30,31,0.9769285809540106
32,31,32,0.977431173989915
32,32,33,0.9977806533192384
32,33,34,0.9975233881782857
32,34,35,0.992616213819923
32,35,36,0.9954456270184172
32,36,37,0.9959831946817456
32,37,38,0.9897382170275768
32,38,39,0.9891666205875579
32,39,40,0.9939520517263218
32,40,41,0.9851484737746051
32,41,42,0.9984693789025411
32,42,43,0.9745126358911622
32,43,44,0.984769522481059
32,44,45,0.9977531139862995
33,0,1,0.9986101771186332
33,1,2,0.9975808321538473
33,2,3,0.9982130477354518
33,3,4,0.9973356008949779
33,4,5,0.9987112992478857
33,5,6,0.9985494886859261
33,6,7,0.9991923832969642
33,7,8,0.9966856911891965
33,8,9,0.9930626529557519
33,9,10,0.997318352574594
33,10,11,0.9978910997055701
33,11,12,0.996672363317814
33,12,13,0.9966243661026245
33,13,14,0.9972561768958258
33,14,15,0.9967502093975048
33,15,16,0.9973694356181791
33,16,17,0.997827254271616
33,17,18,0.9969450455517375
33,18,19,0.9984022308825822
33,19,20,0.9967078972673926
33,20,21,0.9942262166990302
33,21,22,0.9889477379176258
33,22,23,0.9991981658193974
33,23,24,0.9963223498269196
33,24,25,0.9969942304530688
33,25,26,0.9984711735952106
33,26,27,0.9608771979128689
33,27,28,0.9767421541447839
33,28,29,0.9967323023471885
33,29,30,0.9965730650746494
33,30,31,0.9479505915576292
33,31,32,0.9423448808952465
33,32,33,0.9962160514578059
33,33,34,0.9979309855787026
33,34,35,0.9937135694207481
33,35,36,0.9921697553243933
33,36,37,0.9935500452383262
33,37,38,0.9896235519022262
33,38,39,0.9892181745542192
33,39,40,0.9780017770078449
33,40,41,0.9982097628284027
33,41,42,0.9966092139639828
33,42,43,0.9889887974108728
33,43,44,0.9911331078645099
33,44,45,0.9970933496676899
34,0,1,0.989255249039816
34,1,2,0.9815654678701198
34,2,3,0.994080618364843
34,3,4,0.9966387084852556
34,4,5,0.9991062366575024
34,5,6,0.9962173640738988
34,6,7,0.9925751458450776
34,7,8,0.995419677681936
34,8,9,0.9918070910020904
34,9,10,0.9916131483543134
34,10,11,0.9979307743362982
34,11,12,0.998614025008866
34,12,13,0.9983437258650176
34,13,14,0.998978710257713
34,14,15,0.9981414235033128
34,15,16,0.9939907067018005
34,16,17,0.9929527676871641
34,17,18,0.9968744330067506
34,18,19,0.9970396537186527
34,19,20,0.9979380133512415
34,20,21,0.9971398773712041
34,21,22,0.9954031817489125
34,22,23,0.9983880530582256
34,23,24,0.9986539424343855
34,24,25,0.9957076740854384
34,25,26,0.9988683428214619
34,26,27,0.9975606042068018
34,27,28,0.9959212916980043
34,28,29,0.9954083765026343
34,29,30,0.98947167577852
34,30,31,0.9921057750341239
34,31,32,0.9868438323292067
34,32,33,0.9900241770948094
34,33,34,0.9982174089552732
34,34,35,0.9935055126754855
34,35,36,0.9968752083739082
34,36,37,0.9852375056782023
34,37,38,0.9931389807258593
34,38,39,0.9952278283762829
34,39,40,0.9919831973151823
34,40,41,0.9830858603017028
34,41,42,0.9977541722897959
34,42,43,0.9931261126777693
34,43,44,0.9942420662567055
34,44,45,0.999054048874465
35,0,1,0.9854872515168002
35,1,2,0.9750185268981661
35,2,3,0.9877012977013023
35,3,4,0.9890815223465029
35,4,5,0.9944679544488539
35,5,6,0.9982257385909074
35,6,7,0.9947627500880661
35,7,8,0.9985364082259583
35,8,9,0.9974997526422236
35,9,10,0.99673714163578
35,10,11,0.9967136706671952
35,11,12,0.9974099402339556
35,12,13,0.9983012539730287
35,13,14,0.9941888337086882
35,14,15,0.9961251037052284
35,15,16,0.998620327210815
35,16,17,0.9973638457024171
35,17,18,0.9928201460886265
35,18,19,0.9923260523433504
35,19,20,0.9962401193256899
35,20,21,0.9968209460547729
35,21,22,0.9955749624510268
35,22,23,0.9972788443973067
35,23,24,0.9929294759004095
35,24,25,0.9971866493262915
35,25,26,0.9951067392820936
35,26,27,0.9814237196715545
35,27,28,0.9612944497331455
35,28,29,0.997152024347018
35,29,30,0.9979912310032227
35,30,31,0.984045033462161
35,31,32,0.9861200059879266
35,32,33,0.9972231992941137
35,33,34,0.9935181689012056
35,34,35,0.9960555697305512
35,35,36,0.9957456041434307
35,36,37,0.9969991770362323
35,37,38,0.9758089929091947
35,38,39,0.9946052733324952
35,39,40,0.988926475175764
35,40,41,0.9982841021326815
35,41,42,0.9940047827340568
35,42,43,0.9982973230515148
35,43,44,0.997560686751585
35,44,45,0.9980135903977579
36,0,1,0.9952316991823432
36,1,2,0.992849825954561
36,2,3,0.9982554168125422
36,3,4,0.9947208853806445
36,4,5,0.9956706291971053
36,5,6,0.9979998232952046
36,6,7,0.995903473982149
36,7,8,0.9960220729765861
36,8,9,0.9967870185417256
36,9,10,0.9910568446037218
36,10,11,0.9951051114598239
36,11,12,0.9911588158935091
36,12,13,0.9962667378906801
36,13,14,0.9853656393856325
36,14,15,0.9915772477406856
36,15,16,0.9924244345576558
36,16,17,0.9859028821810233
36,17,18,0.9800172770957789
36,18,19,0.9990673666429899
36,19,20,0.9987555520403774
36,20,21,0.9959087037932581
36,21,22,0.9985224393677591
36,22,23,0.9981622320687958
36,23,24,0.9985534495233842
36,24,25,0.9982908990296383
36,25,26,0.9976291581675492
36,26,27,0.9854512210010677
36,27,28,0.9893142325052701
36,28,29,0.9968266664930375
36,29,30,0.9960182749471203
36,30,31,0.9963475860712132
36,31,32,0.996737420512303
36,32,33,0.9970388138440639
36,33,34,0.9953281983478347
36,34,35,0.9914338894890069
36,35,36,0.9957398329946595
36,36,37,0.9972302898538914
36,37,38,0.9964816680774795
36,38,39,0.9907317302176545
36,39,40,0.9755858630151488
36,40,41,0.9976307015215962
36,41,42,0.9987865577803628
36,42,43,0.9950825927472581
36,43,44,0.9955136497106749
36,44,45,0.9933928002977047
37,0,1,0.9828793381388581
37,1,2,0.9875160721010801
37,2,3,0.9974916452100289
37,3,4,0.9974961288189017
37,4,5,0.9978376107929734
37,5,6,0.9962167530019312
37,6,7,0.9981933105397488
37,7,8,0.9933257615942132
37,8,9,0.9889300737675489
37,9,10,0.9991460609647053
37,10,11,0.9942975330995609
37,11,12,0.9974666349905814
37,12,13,0.9967421865039048
37,13,14,0.9980392224654996
37,14,15,0.9968744611711348
37,15,16,0.9979989898103635
37,16,17,0.9966026602007928
37,17,18,0.9978252029094766
37,18,19,0.9982535228894228
37,19,20,0.9941042834903694
37,20,21,0.9831353635114267
37,21,22,0.9894107574445273
37,22,23,0.9963705414306474
37,23,24,0.9986143857421909
37,24,25,0.9987560785375537
37,25,26,0.9979844657396989
37,26,27,0.9911677155505062
37,27,28,0.997557463919658
37,28,29,0.9981310606326962
37,29,30,0.9943126686281628
37,30,31,0.9606757595895828
37,31,32,0.9647249664011465
37,32,33,0.997926051885428
37,33,34,0.997845571332422
37,34,35,0.9976458351570571
37,35,36,0.9974103985002074
37,36,37,0.9944063655300445
37,37,38,0.992616898029825
37,38,39,0.9864987125573819
37,39,40,0.9726168325044419
37,40,41,0.9962042991171981
37,41,42,0.9969979975412898
37,42,43,0.9970505502748055
37,43,44,0.9949944228135944
37,44,45,0.9938827942413566
38,0,1,0.9904423151516187
38,1,2,0.9771467309467381
38,2,3,0.9882669603549991
38,3,4,0.9842472940772351
38,4,5,0.9990623348208829
38,5,6,0.9969136125088741
38,6,7,0.9970853271454969
38,7,8,0.9989408250860728
38,8,9,0.9986519612605538
38,9,10,0.9761912107461421
38,10,11,0.993980125472836
38,11,12,0.9972729692643328
38,12,13,0.9972301362095498
38,13,14,0.9988568440213353
38,14,15,0.9949728131698405
38,15,16,0.9968565867851159
38,16,17,0.9962802565213832
38,17,18,0.9951587802825831
38,18,19,0.9936833843880097
38,19,20,0.9981862560347972
38,20,21,0.9951641185534503
38,21,22,0.9966547708426438
38,22,23,0.9955473114631369
38,23,24,0.9955363959647764
38,24,25,0.9949985780695695
38,25,26,0.9940053236189983
38,26,27,0.9736142644390793
38,27,28,0.9885635377342655
38,28,29,0.9933380674144994
38,29,30,0.9902460627406449
38,30,31,0.9738243693831302
38,31,32,0.9809654471168054
38,32,33,0.9908259901417208
38,33,34,0.9963248512815442
38,34,35,0.9953526322881047
38,35,36,0.9974695807417581
38,36,37,0.997360956443058
38,37,38,0.9931388900966396
38,38,39,0.9955155116408947
38,39,40,0.9815728925895483
38,40,41,0.9983856793743154
38,41,42,0.9982905398327075
38,42,43,0.9962828187023974
38,43,44,0.9980583658930898
38,44,45,0.9907867126063716
39,0,1,0.9963784498426874
39,1,2,0.9927168948286503
39,2,3,0.9985363443560884
39,3,4,0.9972079990022278
39,4,5,0.997568745643628
39,5,6,0.9982393570130349
39,6,7,0.9970154637571578
39,7,8,0.9957952847672601
39,8,9,0.9944778621046446
39,9,10,0.9911159785026383
39,10,11,0.9947432408452971
39,11,12,0.9925187759515633
39,12,13,0.9983628819683307
39,13,14,0.9908658963699628
39,14,15,0.9944050132869385
39,15,16,0.9955920956273976
39,16,17,0.994405427047325
39,17,18,0.9935636647488871
39,18,19,0.9945359051842695
39,19,20,0.9985743358077505
39,20,21,0.9976193787994627
39,21,22,0.998724972106107
39,22,23,0.9989908258623946
39,23,24,0.9966582545901614
39,24,25,0.9976847917971973
39,25,26,0.9985581921051642
39,26,27,0.9836021278207343
39,27,28,0.9949858335040477
39,28,29,0.996414123257296
39,29,30,0.9975424294929081
39,30,31,0.9669697597096064
39,31,32,0.9674164894147109
39,32,33,0.9983321192026599
39,33,34,0.9962431805830245
39,34,35,0.9976420264868703
39,35,36,0.9900962891257458
39,36,37,0.9980547516164046
39,37,38,0.9826167002285385
39,38,39,0.9915050982708895
39,39,40,0.9919458071474254
39,40,41,0.9948406111536285
39,41,42,0.9977429732002471
39,42,43,0.9930249802282743
39,43,44,0.9978711179851191
39,44,45,0.9986848631532361
40,0,1,0.9924640682105244
40,1,2,0.996021483523857
40,2,3,0.9963907250852284
40,3,4,0.9973324280911791
40,4,5,0.9978111507445047
40,5,6,0.9983833030379853
40,6,7,0.9957431995499402
40,7,8,0.9979951757958051
40,8,9,0.9988668395259065
40,9,10,0.9950884127224131
40,10,11,0.9982283087016451
40,11,12,0.9945017137222134
40,12,13,0.9878102148640764
40,13,14,0.9973206878082304
40,14,15,0.9894287748614377
40,15,16,0.9933378494614402
40,16,17,0.9980479655485601
40,17,18,0.9963353220998213
40,18,19,0.9946259449293116
40,19,20,0.9951907461222328
40,20,21,0.9976468104380701
40,21,22,0.9986235293004788
40,22,23,0.9973077965438955
40,23,24,0.995672929076693
40,24,25,0.9921433393561507
40,25,26,0.9948535936237425
40,26,27,0.9951173222092748
40,27,28,0.9918170204006768
40,28,29,0.997269806883035
40,29,30,0.9872586496249627
40,30,31,0.9953522766937666
40,31,32,0.9879227656912369
40,32,33,0.9979973513761136
40,33,34,0.9940958916595258
40,34,35,0.995227414077338
40,35,36,0.9962499929573155
40,36,37,0.9980187176523407
40,37,38,0.9932179512474048
40,38,39,0.9955673858066864
40,39,40,0.986274775595798
40,40,41,0.99860874737945
40,41,42,0.9983442018080552
40,42,43,0.998478934442025
40,43,44,0.9790505805653408
40,44,45,0.9971784903971658
41,0,1,0.9907413549989084
41,1,2,0.9951513347510177
41,2,3,0.9971913145593824
41,3,4,0.9995447558885682
41,4,5,0.99822771270702
41,5,6,0.9988706777874341
41,6,7,0.9984754308059554
41,7,8,0.9942179397099867
41,8,9,0.9959358785062306
41,9,10,0.9982079015507938
41,10,11,0.9981305646689057
41,11,12,0.9984670013042425
41,12,13,0.9989300329854485
41,13,14,0.9978464109188809
41,14,15,0.9971786610058812
41,15,16,0.9977886399095186
41,16,17,0.9929074412310022
41,17,18,0.9921249100318646
41,18,19,0.9962738359357252
41,19,20,0.995709250987426
41,20,21,0.9922474258283962
41,21,22,0.9906382320318734
41,22,23,0.9962143779465094
41,23,24,0.9972624059946807
41,24,25,0.9965655502214913
41,25,26,0.9970864622162073
41,26,27,0.9694015838732729
41,27,28,0.973048984872424
41,28,29,0.9947255360506432
41,29,30,0.991558676329317
41,30,31,0.9901268605584123
41,31,32,0.9793219255051802
41,32,33,0.9966035755931172
41,33,34,0.9965282475170769
41,34,35,0.9944578562121359
41,35,36,0.9959709043599696
41,36,37,0.9948526725430299
41,37,38,0.9974227379183302
41,38,39,0.998422314754353
41,39,40,0.9946034361272451
41,40,41,0.9930385365904202
41,41,42,0.9900032974829891
41,42,43,0.9985271337756323
41,43,44,0.9895852127035912
41,44,45,0.9940820100744584
42,0,1,0.9955289943610426
42,1,2,0.9957688265677788
42,2,3,0.9775450995927908
42,3,4,0.9807299319626845
42,4,5,0.9991222630732172
42,5,6,0.9930221407626059
42,6,7,0.9973413423645369
42,7,8,0.9978025549278564
42,8,9,0.9971363575654612
42,9,10,0.9977044298825868
42,10,11,0.9943006155695794
42,11,12,0.9979793024915067
42,12,13,0.999542591258412
42,13,14,0.989228021041797
42,14,15,0.9909779086520182
42,15,16,0.9984214352809897
42,16,17,0.9827509955258582
42,17,18,0.9934032233161745
42,18,19,0.9897992193585825
42,19,20,0.9949642470818176
42,20,21,0.9984842777450196
42,21,22,0.9972097244068399
42,22,23,0.9947132175353675
42,23,24,0.9964659307652052
42,24,25,0.9980411919956966
42,25,26,0.9970376913338951
42,26,27,0.9980257997210747
42,27,28,0.9949736596841768
42,28,29,0.9981521248040782
42,29,30,0.9969419796012428
42,30,31,0.9902490419507175
42,31,32,0.9918160579707495
42,32,33,0.9812493538678837
42,33,34,0.9950469809171789
42,34,35,0.9941823013659802
42,35,36,0.9921963271194874
42,36,37,0.9922108531434286
42,37,38,0.9926141900328547
42,38,39,0.9942313865758611
42,39,40,0.9959479410247465
42,40,41,0.996366817281162
42,41,42,0.9953537966253805
42,42,43,0.9955855497216292
42,43,44,0.9987221724716
42,44,45,0.9966643885827071
43,0,1,0.994403803021284
43,1,2,0.9917615476139856
43,2,3,0.9852972300105496
43,3,4,0.9774847822528223
43,4,5,0.9967468144727818
43,5,6,0.9985095476681051
43,6,7,0.9996764793095888
43,7,8,0.9993702342125638
43,8,9,0.9988016627472199
43,9,10,0.9975064094042561
43,10,11,0.9984349285722728
43,11,12,0.9687975819593618
43,12,13,0.9530874729278984
43,13,14,0.9654654578395235
43,14,15,0.9899576711924024
43,15,16,0.996816083757048
43,16,17,0.9966572962110993
43,17,18,0.986363185117086
43,18,19,0.9637395182823392
43,19,20,0.9884958293856988
43,20,21,0.973460877156647
43,21,22,0.9911793522417892
43,22,23,0.9891543380633233
43,23,24,0.9921404472100782
43,24,25,0.9980186372496442
43,25,26,0.993219253994419
43,26,27,0.9913821693535744
43,27,28,0.9893938995364358
43,28,29,0.9958955803210809
43,29,30,0.9950947087067858
43,30,31,0.9913788608215544
43,31,32,0.9968057463127398
43,32,33,0.9913142930960304
43,33,34,0.9969199096502098
43,34,35,0.9918576986444153
43,35,36,0.9937310059417374
43,36,37,0.9821751525433657
43,37,38,0.993458046450484
43,38,39,0.9977246446473649
43,39,40,0.9955333603991866
43,40,41,0.9947434636223849
43,41,42,0.9949602994962379
43,42,43,0.9952619762214576
43,43,44,0.9973718949172536
43,44,45,0.9984354021465984
44,0,1,0.9909561141018512
44,1,2,0.9892080621168476
44,2,3,0.9987200669295723
44,3,4,0.99707144319453
44,4,5,0.9965672664659232
44,5,6,0.9972254167896137
44,6,7,0.9958476938506005
44,7,8,0.9951292080498817
44,8,9,0.9910637497867123
44,9,10,0.9989818015716464
44,10,11,0.9992573236529888
44,11,12,0.9986082554006318
44,12,13,0.9986076279036669
44,13,14,0.9977929741896812
44,14,15,0.9989160852059449
44,15,16,0.9984994293419156
44,16,17,0.994012915068945
44,17,18,0.9928477343895113
44,18,19,0.9988422364919151
44,19,20,0.9982548505917933
44,20,21,0.9978414922577635
44,21,22,0.9981571259185031
44,22,23,0.9984639429700873
44,23,24,0.9911958438611335
44,24,25,0.9950093922448423
44,25,26,0.9950233483617721
44,26,27,0.997257724680565
44,27,28,0.987812873590584
44,28,29,0.9930805118405079
44,29,30,0.995188086868069
44,30,31,0.9823787622906213
44,31,32,0.9863942237171126
44,32,33,0.9978353972383077
44,33,34,0.9977422713694118
44,34,35,0.994704445201097
44,35,36,0.9884238185539954
44,36,37,0.9876481381859079
44,37,38,0.9843339935175149
44,38,39,0.9819719124970793
44,39,40,0.9930947311075349
44,40,41,0.9967861448846196
44,41,42,0.9971420356305022
44,42,43,0.9863090632135341
44,43,44,0.9938265381860532
44,44,45,0.9948980400851827
45,0,1,0.9755380070378805
45,1,2,0.9583018250809305
45,2,3,0.99708553030108
45,3,4,0.9972204918984588
45,4,5,0.9974492438392525
45,5,6,0.9985039701260641
45,6,7,0.9979452469571416
45,7,8,0.9972474482043262
45,8,9,0.9975494579282602
45,9,10,0.9973257589315053
45,10,11,0.9940696779434457
45,11,12,0.9927215274556971
45,12,13,0.9964395642111388
45,13,14,0.9771799596871946
45,14,15,0.9983988763752569
45,15,16,0.9929778470994702
45,16,17,0.9784615394462786
45,17,18,0.9953293695982678
45,18,19,0.9902571149594761
45,19,20,0.9893626952825351
45,20,21,0.9983561967067761
45,21,22,0.9980682830626048
45,22,23,0.9964921769598524
45,23,24,0.9974010287337837
45,24,25,0.9952036190475759
45,25,26,0.9976560776760484
45,26,27,0.9744541208941419
45,27,28,0.9749033016758519
45,28,29,0.998182665989191
45,29,30,0.9982100523896485
45,30,31,0.9448031813751961
45,31,32,0.9856493427612825
45,32,33,0.9868772024673514
45,33,34,0.9966646383650354
45,34,35,0.9915667545333667
45,35,36,0.9902799957152527
45,36,37,0.992391528432961
45,37,38,0.9961226805009913
45,38,39,0.9912198550712819
45,39,40,0.9870394442185885
45,40,41,0.9960369151172771
45,41,42,0.9933668736951223
45,42,43,0.9968664450138859
45,43,44,0.9974076485733587
45,44,45,0.9979119940758993
46,0,1,0.9849270594409284
46,1,2,0.9918073471727058
46,2,3,0.9963222667245378
46,3,4,0.9964917370509883
46,4,5,0.9984119170227905
46,5,6,0.9966371237999787
46,6,7,0.9920713145987848
46,7,8,0.9980902192631134
46,8,9,0.9973703487070578
46,9,10,0.9977362400538242
46,10,11,0.9973357832603824
46,11,12,0.98744916386149
46,12,13,0.9935586072034421
46,13,14,0.9985197142522606
46,14,15,0.9960265054418801
46,15,16,0.9839402377185635
46,16,17,0.9846159287426971
46,17,18,0.9947792815937636
46,18,19,0.9944281022664077
46,19,20,0.9923738042399683
46,20,21,0.9984130180844234
46,21,22,0.9986867598735086
46,22,23,0.9992705829903592
46,23,24,0.9979025849713609
46,24,25,0.9985331821953678
46,25,26,0.9962267952776924
46,26,27,0.9854583714451832
46,27,28,0.9903182651196545
46,28,29,0.9925969800959761
46,29,30,0.9911882923647107
46,30,31,0.9774195660840549
46,31,32,0.992468729555287
46,32,33,0.9932905773766033
46,33,34,0.9939738853763637
46,34,35,0.9947585189271453
46,35,36,0.9970078333680302
46,36,37,0.990684533126307
46,37,38,0.9935102091454026
46,38,39,0.9964183847178373
46,39,40,0.9989166539006046
46,40,41,0.9662921980203875
46,41,42,0.9976962635507428
46,42,43,0.9967762417013996
46,43,44,0.998574300144071
46,44,45,0.9925737706893542
47,0,1,0.9781585253629169
47,1,2,0.9878095782875733
47,2,3,0.9914714033126377
47,3,4,0.9822344067493851
47,4,5,0.997440034693022
47,5,6,0.9958808657463135
47,6,7,0.9959841340829921
47,7,8,0.996102559582058
47,8,9,0.997250744455847
47,9,10,0.9992101798005852
47,10,11,0.9988367957335458
47,11,12,0.9987084548120109
47,12,13,0.9977706944867722
47,13,14,0.9962854851658756
47,14,15,0.9957972255041063
47,15,16,0.9986312576470749
47,16,17,0.9964287449486627
47,17,18,0.993260442824188
47,18,19,0.9975128529218185
47,19,20,0.9950797937975523
47,20,21,0.9955864397621745
47,21,22,0.9892052950834516
47,22,23,0.9919929965485794
47,23,24,0.9970712571635344
47,24,25,0.9953421315520362
47,25,26,0.9985471628340934
47,26,27,0.9658951074952864
47,27,28,0.9725860097749064
47,28,29,0.9946911025038301
47,29,30,0.995872349870178
47,30,31,0.9830816992287592
47,31,32,0.9848207579829249
47,32,33,0.997201364535804
47,33,34,0.9958046801161619
47,34,35,0.9960904868151809
47,35,36,0.9926425481637489
47,36,37,0.9965908641985703
47,37,38,0.9915798221172637
47,38,39,0.9897549738856868
47,39,40,0.9836367831105008
47,40,41,0.995215221904118
47,41,42,0.9986439098577615
47,42,43,0.9866261739295189
47,43,44,0.9965356271049548
47,44,45,0.9974944283438832
48,0,1,0.9927749344821065
48,1,2,0.9905720135254924
48,2,3,0.9958968198017801
48,3,4,0.9943243028242073
48,4,5,0.9853535583109694
48,5,6,0.9964253907562578
48,6,7,0.996301312030511
48,7,8,0.9946644406466564
48,8,9,0.9993823490309359
48,9,10,0.9953670040027415
48,10,11,0.9950928094889592
48,11,12,0.9989601094480647
48,12,13,0.9935062553030773
48,13,14,0.9972006985873698
48,14,15,0.9973235058296946
48,15,16,0.9974697936926231
48,16,17,0.9920671207751546
48,17,18,0.9950882407343985
48,18,19,0.9908159994258443
48,19,20,0.9954362600850308
48,20,21,0.9960176497845856
48,21,22,0.9964708568044638
48,22,23,0.9956684351336083
48,23,24,0.9970660204339367
48,24,25,0.9944739702113707
48,25,26,0.996287812405354
48,26,27,0.9778272421726886
48,27,28,0.9751016497895532
48,28,29,0.9755625022564566
48,29,30,0.9814923527294578
48,30,31,0.937130109628257
48,31,32,0.9693955420896543
48,32,33,0.9875658828582581
48,33,34,0.99275712497632
48,34,35,0.9965595899534715
48,35,36,0.9954336665589079
48,36,37,0.9969081699476289
48,37,38,0.9762560836405746
48,38,39,0.9916465474603414
48,39,40,0.9899883139025241
48,40,41,0.9967120369037488
48,41,42,0.9951033640752199
48,42,43,0.9954135495398957
48,43,44,0.9791499396698025
48,44,45,0.9881380223550054
49,0,1,0.9962536905276873
49,1,2,0.9802391943291837
49,2,3,0.9913773324522372
49,3,4,0.9879161138735743
49,4,5,0.9982175093201556
49,5,6,0.996655663755705
49,6,7,0.9936687724236213
49,7,8,0.9889026637652735
49,8,9,0.9982222518584439
49,9,10,0.994634831076497
49,10,11,0.9923188280219061
49,11,12,0.9970339104048134
49,12,13,0.9914484792785939
49,13,14,0.9931609192789301
49,14,15,0.9777409628389118
49,15,16,0.9893784939088683
49,16,17,0.9946629323755701
49,17,18,0.9975843669851182
49,18,19,0.9813665094408953
49,19,20,0.9986346998381115
49,20,21,0.9873590327529315
49,21,22,0.9893734821353133
49,22,23,0.9924255368630546
49,23,24,0.9979780252406072
49,24,25,0.9979319909418742
49,25,26,0.9980208764099036
49,26,27,0.9871402411267108
49,27,28,0.9875991241110419
49,28,29,0.9950337207227651
49,29,30,0.9956966533578605
49,30,31,0.9914614127055245
49,31,32,0.9974923672484773
49,32,33,0.9900975183315609
49,33,34,0.9971086621007368
49,34,35,0.9954967484710378
49,35,36,0.9930727002547532
49,36,37,0.9886020442422023
49,37,38,0.9935325596740264
49,38,39,0.9928873734663554
49,39,40,0.9909732994909702
49,40,41,0.9943955682295061
49,41,42,0.9937289721272657
49,42,43,0.9938243532523019
49,43,44,0.9979448049419659
49,44,45,0.9892439166279678
